date,dgs3mo_percent,rf_annual
2015-12-01,0.21,0.0021
2015-12-02,0.21,0.0021
2015-12-03,0.21,0.0021
2015-12-04,0.23,0.0023
2015-12-07,0.29,0.0029
2015-12-08,0.27,0.0027
2015-12-09,0.26,0.0026
2015-12-10,0.24,0.0024
2015-12-11,0.23,0.0023
2015-12-14,0.26,0.0026
2015-12-15,0.25,0.0025
2015-12-16,0.27,0.0027
2015-12-17,0.23,0.0023
2015-12-18,0.19,0.0019
2015-12-21,0.24,0.0024
2015-12-22,0.21,0.0021
2015-12-23,0.2,0.002
2015-12-24,0.2,0.002
2015-12-25,,
2015-12-28,0.23,0.0023
2015-12-29,0.23,0.0023
2015-12-30,0.21,0.0021
2015-12-31,0.16,0.0016
2016-01-01,,
2016-01-04,0.22,0.0022
2016-01-05,0.2,0.002
2016-01-06,0.21,0.0021
2016-01-07,0.2,0.002
2016-01-08,0.2,0.002
2016-01-11,0.21,0.0021
2016-01-12,0.21,0.0021
2016-01-13,0.22,0.0022
2016-01-14,0.25,0.0025
2016-01-15,0.24,0.0024
2016-01-18,,
2016-01-19,0.26,0.0026
2016-01-20,0.26,0.0026
2016-01-21,0.28,0.0028000000000000004
2016-01-22,0.31,0.0031
2016-01-25,0.31,0.0031
2016-01-26,0.31,0.0031
2016-01-27,0.32,0.0032
2016-01-28,0.35,0.0034999999999999996
2016-01-29,0.33,0.0033
2016-02-01,0.35,0.0034999999999999996
2016-02-02,0.34,0.0034000000000000002
2016-02-03,0.33,0.0033
2016-02-04,0.29,0.0029
2016-02-05,0.3,0.003
2016-02-08,0.32,0.0032
2016-02-09,0.3,0.003
2016-02-10,0.31,0.0031
2016-02-11,0.28,0.0028000000000000004
2016-02-12,0.3,0.003
2016-02-15,,
2016-02-16,0.3,0.003
2016-02-17,0.3,0.003
2016-02-18,0.3,0.003
2016-02-19,0.31,0.0031
2016-02-22,0.33,0.0033
2016-02-23,0.32,0.0032
2016-02-24,0.33,0.0033
2016-02-25,0.32,0.0032
2016-02-26,0.33,0.0033
2016-02-29,0.33,0.0033
2016-03-01,0.33,0.0033
2016-03-02,0.36,0.0036
2016-03-03,0.28,0.0028000000000000004
2016-03-04,0.29,0.0029
2016-03-07,0.32,0.0032
2016-03-08,0.29,0.0029
2016-03-09,0.3,0.003
2016-03-10,0.32,0.0032
2016-03-11,0.33,0.0033
2016-03-14,0.34,0.0034000000000000002
2016-03-15,0.34,0.0034000000000000002
2016-03-16,0.31,0.0031
2016-03-17,0.29,0.0029
2016-03-18,0.3,0.003
2016-03-21,0.31,0.0031
2016-03-22,0.3,0.003
2016-03-23,0.3,0.003
2016-03-24,0.3,0.003
2016-03-25,,
2016-03-28,0.29,0.0029
2016-03-29,0.23,0.0023
2016-03-30,0.2,0.002
2016-03-31,0.21,0.0021
2016-04-01,0.23,0.0023
2016-04-04,0.23,0.0023
2016-04-05,0.23,0.0023
2016-04-06,0.23,0.0023
2016-04-07,0.23,0.0023
2016-04-08,0.23,0.0023
2016-04-11,0.23,0.0023
2016-04-12,0.22,0.0022
2016-04-13,0.23,0.0023
2016-04-14,0.22,0.0022
2016-04-15,0.22,0.0022
2016-04-18,0.22,0.0022
2016-04-19,0.21,0.0021
2016-04-20,0.23,0.0023
2016-04-21,0.23,0.0023
2016-04-22,0.23,0.0023
2016-04-25,0.25,0.0025
2016-04-26,0.24,0.0024
2016-04-27,0.24,0.0024
2016-04-28,0.22,0.0022
2016-04-29,0.22,0.0022
2016-05-02,0.22,0.0022
2016-05-03,0.21,0.0021
2016-05-04,0.19,0.0019
2016-05-05,0.2,0.002
2016-05-06,0.19,0.0019
2016-05-09,0.24,0.0024
2016-05-10,0.24,0.0024
2016-05-11,0.26,0.0026
2016-05-12,0.27,0.0027
2016-05-13,0.29,0.0029
2016-05-16,0.28,0.0028000000000000004
2016-05-17,0.28,0.0028000000000000004
2016-05-18,0.3,0.003
2016-05-19,0.31,0.0031
2016-05-20,0.33,0.0033
2016-05-23,0.35,0.0034999999999999996
2016-05-24,0.35,0.0034999999999999996
2016-05-25,0.33,0.0033
2016-05-26,0.31,0.0031
2016-05-27,0.32,0.0032
2016-05-30,,
2016-05-31,0.34,0.0034000000000000002
2016-06-01,0.3,0.003
2016-06-02,0.29,0.0029
2016-06-03,0.3,0.003
2016-06-06,0.28,0.0028000000000000004
2016-06-07,0.28,0.0028000000000000004
2016-06-08,0.24,0.0024
2016-06-09,0.26,0.0026
2016-06-10,0.26,0.0026
2016-06-13,0.27,0.0027
2016-06-14,0.27,0.0027
2016-06-15,0.26,0.0026
2016-06-16,0.27,0.0027
2016-06-17,0.27,0.0027
2016-06-20,0.28,0.0028000000000000004
2016-06-21,0.27,0.0027
2016-06-22,0.27,0.0027
2016-06-23,0.31,0.0031
2016-06-24,0.27,0.0027
2016-06-27,0.27,0.0027
2016-06-28,0.26,0.0026
2016-06-29,0.26,0.0026
2016-06-30,0.26,0.0026
2016-07-01,0.28,0.0028000000000000004
2016-07-04,,
2016-07-05,0.28,0.0028000000000000004
2016-07-06,0.27,0.0027
2016-07-07,0.29,0.0029
2016-07-08,0.28,0.0028000000000000004
2016-07-11,0.31,0.0031
2016-07-12,0.29,0.0029
2016-07-13,0.31,0.0031
2016-07-14,0.32,0.0032
2016-07-15,0.32,0.0032
2016-07-18,0.32,0.0032
2016-07-19,0.31,0.0031
2016-07-20,0.32,0.0032
2016-07-21,0.32,0.0032
2016-07-22,0.33,0.0033
2016-07-25,0.32,0.0032
2016-07-26,0.31,0.0031
2016-07-27,0.31,0.0031
2016-07-28,0.25,0.0025
2016-07-29,0.28,0.0028000000000000004
2016-08-01,0.29,0.0029
2016-08-02,0.29,0.0029
2016-08-03,0.28,0.0028000000000000004
2016-08-04,0.26,0.0026
2016-08-05,0.28,0.0028000000000000004
2016-08-08,0.31,0.0031
2016-08-09,0.29,0.0029
2016-08-10,0.28,0.0028000000000000004
2016-08-11,0.28,0.0028000000000000004
2016-08-12,0.29,0.0029
2016-08-15,0.31,0.0031
2016-08-16,0.27,0.0027
2016-08-17,0.3,0.003
2016-08-18,0.3,0.003
2016-08-19,0.3,0.003
2016-08-22,0.29,0.0029
2016-08-23,0.3,0.003
2016-08-24,0.31,0.0031
2016-08-25,0.33,0.0033
2016-08-26,0.34,0.0034000000000000002
2016-08-29,0.33,0.0033
2016-08-30,0.33,0.0033
2016-08-31,0.33,0.0033
2016-09-01,0.33,0.0033
2016-09-02,0.33,0.0033
2016-09-05,,
2016-09-06,0.32,0.0032
2016-09-07,0.34,0.0034000000000000002
2016-09-08,0.35,0.0034999999999999996
2016-09-09,0.35,0.0034999999999999996
2016-09-12,0.37,0.0037
2016-09-13,0.36,0.0036
2016-09-14,0.33,0.0033
2016-09-15,0.29,0.0029
2016-09-16,0.3,0.003
2016-09-19,0.3,0.003
2016-09-20,0.3,0.003
2016-09-21,0.22,0.0022
2016-09-22,0.18,0.0018
2016-09-23,0.18,0.0018
2016-09-26,0.25,0.0025
2016-09-27,0.26,0.0026
2016-09-28,0.27,0.0027
2016-09-29,0.26,0.0026
2016-09-30,0.29,0.0029
2016-10-03,0.32,0.0032
2016-10-04,0.33,0.0033
2016-10-05,0.32,0.0032
2016-10-06,0.33,0.0033
2016-10-07,0.33,0.0033
2016-10-10,,
2016-10-11,0.35,0.0034999999999999996
2016-10-12,0.37,0.0037
2016-10-13,0.3,0.003
2016-10-14,0.32,0.0032
2016-10-17,0.34,0.0034000000000000002
2016-10-18,0.34,0.0034000000000000002
2016-10-19,0.35,0.0034999999999999996
2016-10-20,0.35,0.0034999999999999996
2016-10-21,0.34,0.0034000000000000002
2016-10-24,0.33,0.0033
2016-10-25,0.34,0.0034000000000000002
2016-10-26,0.33,0.0033
2016-10-27,0.3,0.003
2016-10-28,0.3,0.003
2016-10-31,0.34,0.0034000000000000002
2016-11-01,0.35,0.0034999999999999996
2016-11-02,0.37,0.0037
2016-11-03,0.38,0.0038
2016-11-04,0.38,0.0038
2016-11-07,0.41,0.0040999999999999995
2016-11-08,0.43,0.0043
2016-11-09,0.45,0.0045000000000000005
2016-11-10,0.48,0.0048
2016-11-11,,
2016-11-14,0.55,0.0055000000000000005
2016-11-15,0.51,0.0051
2016-11-16,0.47,0.004699999999999999
2016-11-17,0.44,0.0044
2016-11-18,0.44,0.0044
2016-11-21,0.46,0.0046
2016-11-22,0.49,0.0049
2016-11-23,0.51,0.0051
2016-11-24,,
2016-11-25,0.49,0.0049
2016-11-28,0.48,0.0048
2016-11-29,0.48,0.0048
2016-11-30,0.48,0.0048
2016-12-01,0.48,0.0048
2016-12-02,0.49,0.0049
2016-12-05,0.49,0.0049
2016-12-06,0.49,0.0049
2016-12-07,0.52,0.0052
2016-12-08,0.51,0.0051
2016-12-09,0.54,0.0054
2016-12-12,0.51,0.0051
2016-12-13,0.54,0.0054
2016-12-14,0.55,0.0055000000000000005
2016-12-15,0.51,0.0051
2016-12-16,0.51,0.0051
2016-12-19,0.52,0.0052
2016-12-20,0.52,0.0052
2016-12-21,0.52,0.0052
2016-12-22,0.51,0.0051
2016-12-23,0.52,0.0052
2016-12-26,,
2016-12-27,0.51,0.0051
2016-12-28,0.53,0.0053
2016-12-29,0.47,0.004699999999999999
2016-12-30,0.51,0.0051
2017-01-02,,
2017-01-03,0.53,0.0053
2017-01-04,0.53,0.0053
2017-01-05,0.52,0.0052
2017-01-06,0.53,0.0053
2017-01-09,0.5,0.005
2017-01-10,0.52,0.0052
2017-01-11,0.52,0.0052
2017-01-12,0.52,0.0052
2017-01-13,0.53,0.0053
2017-01-16,,
2017-01-17,0.55,0.0055000000000000005
2017-01-18,0.53,0.0053
2017-01-19,0.52,0.0052
2017-01-20,0.5,0.005
2017-01-23,0.51,0.0051
2017-01-24,0.51,0.0051
2017-01-25,0.5,0.005
2017-01-26,0.51,0.0051
2017-01-27,0.52,0.0052
2017-01-30,0.51,0.0051
2017-01-31,0.52,0.0052
2017-02-01,0.51,0.0051
2017-02-02,0.52,0.0052
2017-02-03,0.51,0.0051
2017-02-06,0.53,0.0053
2017-02-07,0.53,0.0053
2017-02-08,0.54,0.0054
2017-02-09,0.54,0.0054
2017-02-10,0.55,0.0055000000000000005
2017-02-13,0.52,0.0052
2017-02-14,0.54,0.0054
2017-02-15,0.54,0.0054
2017-02-16,0.53,0.0053
2017-02-17,0.53,0.0053
2017-02-20,,
2017-02-21,0.53,0.0053
2017-02-22,0.52,0.0052
2017-02-23,0.51,0.0051
2017-02-24,0.52,0.0052
2017-02-27,0.5,0.005
2017-02-28,0.53,0.0053
2017-03-01,0.63,0.0063
2017-03-02,0.67,0.0067
2017-03-03,0.71,0.0070999999999999995
2017-03-06,0.74,0.0074
2017-03-07,0.76,0.0076
2017-03-08,0.73,0.0073
2017-03-09,0.73,0.0073
2017-03-10,0.75,0.0075
2017-03-13,0.79,0.0079
2017-03-14,0.78,0.0078000000000000005
2017-03-15,0.73,0.0073
2017-03-16,0.73,0.0073
2017-03-17,0.73,0.0073
2017-03-20,0.76,0.0076
2017-03-21,0.77,0.0077
2017-03-22,0.77,0.0077
2017-03-23,0.76,0.0076
2017-03-24,0.78,0.0078000000000000005
2017-03-27,0.78,0.0078000000000000005
2017-03-28,0.78,0.0078000000000000005
2017-03-29,0.78,0.0078000000000000005
2017-03-30,0.78,0.0078000000000000005
2017-03-31,0.76,0.0076
2017-04-03,0.79,0.0079
2017-04-04,0.79,0.0079
2017-04-05,0.8,0.008
2017-04-06,0.79,0.0079
2017-04-07,0.82,0.008199999999999999
2017-04-10,0.82,0.008199999999999999
2017-04-11,0.82,0.008199999999999999
2017-04-12,0.81,0.008100000000000001
2017-04-13,0.81,0.008100000000000001
2017-04-14,,
2017-04-17,0.83,0.0083
2017-04-18,0.82,0.008199999999999999
2017-04-19,0.81,0.008100000000000001
2017-04-20,0.79,0.0079
2017-04-21,0.79,0.0079
2017-04-24,0.81,0.008100000000000001
2017-04-25,0.82,0.008199999999999999
2017-04-26,0.83,0.0083
2017-04-27,0.81,0.008100000000000001
2017-04-28,0.8,0.008
2017-05-01,0.83,0.0083
2017-05-02,0.82,0.008199999999999999
2017-05-03,0.85,0.0085
2017-05-04,0.86,0.0086
2017-05-05,0.9,0.009000000000000001
2017-05-08,0.91,0.0091
2017-05-09,0.91,0.0091
2017-05-10,0.9,0.009000000000000001
2017-05-11,0.89,0.0089
2017-05-12,0.88,0.0088
2017-05-15,0.9,0.009000000000000001
2017-05-16,0.9,0.009000000000000001
2017-05-17,0.9,0.009000000000000001
2017-05-18,0.93,0.009300000000000001
2017-05-19,0.92,0.0092
2017-05-22,0.93,0.009300000000000001
2017-05-23,0.92,0.0092
2017-05-24,0.93,0.009300000000000001
2017-05-25,0.94,0.009399999999999999
2017-05-26,0.94,0.009399999999999999
2017-05-29,,
2017-05-30,0.93,0.009300000000000001
2017-05-31,0.98,0.0098
2017-06-01,0.98,0.0098
2017-06-02,0.98,0.0098
2017-06-05,0.96,0.0096
2017-06-06,0.97,0.0097
2017-06-07,1.0,0.01
2017-06-08,1.01,0.0101
2017-06-09,1.01,0.0101
2017-06-12,0.98,0.0098
2017-06-13,1.0,0.01
2017-06-14,1.01,0.0101
2017-06-15,1.02,0.0102
2017-06-16,1.03,0.0103
2017-06-19,1.02,0.0102
2017-06-20,1.01,0.0101
2017-06-21,0.99,0.009899999999999999
2017-06-22,0.96,0.0096
2017-06-23,0.97,0.0097
2017-06-26,0.99,0.009899999999999999
2017-06-27,1.0,0.01
2017-06-28,1.02,0.0102
2017-06-29,1.04,0.0104
2017-06-30,1.03,0.0103
2017-07-03,1.06,0.0106
2017-07-04,,
2017-07-05,1.05,0.0105
2017-07-06,1.04,0.0104
2017-07-07,1.05,0.0105
2017-07-10,1.04,0.0104
2017-07-11,1.05,0.0105
2017-07-12,1.05,0.0105
2017-07-13,1.05,0.0105
2017-07-14,1.04,0.0104
2017-07-17,1.07,0.010700000000000001
2017-07-18,1.07,0.010700000000000001
2017-07-19,1.11,0.0111
2017-07-20,1.15,0.0115
2017-07-21,1.16,0.0116
2017-07-24,1.17,0.011699999999999999
2017-07-25,1.18,0.0118
2017-07-26,1.13,0.0113
2017-07-27,1.11,0.0111
2017-07-28,1.08,0.0108
2017-07-31,1.07,0.010700000000000001
2017-08-01,1.08,0.0108
2017-08-02,1.08,0.0108
2017-08-03,1.08,0.0108
2017-08-04,1.08,0.0108
2017-08-07,1.02,0.0102
2017-08-08,1.06,0.0106
2017-08-09,1.06,0.0106
2017-08-10,1.05,0.0105
2017-08-11,1.03,0.0103
2017-08-14,1.02,0.0102
2017-08-15,1.04,0.0104
2017-08-16,1.02,0.0102
2017-08-17,1.0,0.01
2017-08-18,1.02,0.0102
2017-08-21,1.0,0.01
2017-08-22,1.0,0.01
2017-08-23,1.0,0.01
2017-08-24,1.02,0.0102
2017-08-25,1.03,0.0103
2017-08-28,0.98,0.0098
2017-08-29,1.03,0.0103
2017-08-30,1.03,0.0103
2017-08-31,1.01,0.0101
2017-09-01,1.02,0.0102
2017-09-04,,
2017-09-05,1.03,0.0103
2017-09-06,1.07,0.010700000000000001
2017-09-07,1.05,0.0105
2017-09-08,1.04,0.0104
2017-09-11,1.05,0.0105
2017-09-12,1.03,0.0103
2017-09-13,1.04,0.0104
2017-09-14,1.05,0.0105
2017-09-15,1.05,0.0105
2017-09-18,1.05,0.0105
2017-09-19,1.04,0.0104
2017-09-20,1.04,0.0104
2017-09-21,1.04,0.0104
2017-09-22,1.03,0.0103
2017-09-25,1.05,0.0105
2017-09-26,1.06,0.0106
2017-09-27,1.07,0.010700000000000001
2017-09-28,1.06,0.0106
2017-09-29,1.06,0.0106
2017-10-02,1.01,0.0101
2017-10-03,1.07,0.010700000000000001
2017-10-04,1.08,0.0108
2017-10-05,1.07,0.010700000000000001
2017-10-06,1.07,0.010700000000000001
2017-10-09,,
2017-10-10,1.08,0.0108
2017-10-11,1.1,0.011000000000000001
2017-10-12,1.09,0.0109
2017-10-13,1.09,0.0109
2017-10-16,1.1,0.011000000000000001
2017-10-17,1.09,0.0109
2017-10-18,1.09,0.0109
2017-10-19,1.1,0.011000000000000001
2017-10-20,1.11,0.0111
2017-10-23,1.09,0.0109
2017-10-24,1.12,0.011200000000000002
2017-10-25,1.12,0.011200000000000002
2017-10-26,1.11,0.0111
2017-10-27,1.1,0.011000000000000001
2017-10-30,1.12,0.011200000000000002
2017-10-31,1.15,0.0115
2017-11-01,1.18,0.0118
2017-11-02,1.17,0.011699999999999999
2017-11-03,1.18,0.0118
2017-11-06,1.19,0.011899999999999999
2017-11-07,1.22,0.012199999999999999
2017-11-08,1.23,0.0123
2017-11-09,1.24,0.0124
2017-11-10,1.23,0.0123
2017-11-13,1.24,0.0124
2017-11-14,1.26,0.0126
2017-11-15,1.25,0.0125
2017-11-16,1.27,0.0127
2017-11-17,1.29,0.0129
2017-11-20,1.3,0.013000000000000001
2017-11-21,1.3,0.013000000000000001
2017-11-22,1.29,0.0129
2017-11-23,,
2017-11-24,1.29,0.0129
2017-11-27,1.27,0.0127
2017-11-28,1.3,0.013000000000000001
2017-11-29,1.29,0.0129
2017-11-30,1.27,0.0127
2017-12-01,1.27,0.0127
2017-12-04,1.29,0.0129
2017-12-05,1.3,0.013000000000000001
2017-12-06,1.3,0.013000000000000001
2017-12-07,1.29,0.0129
2017-12-08,1.28,0.0128
2017-12-11,1.33,0.013300000000000001
2017-12-12,1.34,0.0134
2017-12-13,1.3,0.013000000000000001
2017-12-14,1.32,0.0132
2017-12-15,1.31,0.0131
2017-12-18,1.38,0.0138
2017-12-19,1.37,0.0137
2017-12-20,1.38,0.0138
2017-12-21,1.35,0.013500000000000002
2017-12-22,1.33,0.013300000000000001
2017-12-25,,
2017-12-26,1.47,0.0147
2017-12-27,1.44,0.0144
2017-12-28,1.39,0.0139
2017-12-29,1.39,0.0139
2018-01-01,,
2018-01-02,1.44,0.0144
2018-01-03,1.41,0.0141
2018-01-04,1.41,0.0141
2018-01-05,1.39,0.0139
2018-01-08,1.45,0.014499999999999999
2018-01-09,1.44,0.0144
2018-01-10,1.42,0.014199999999999999
2018-01-11,1.43,0.0143
2018-01-12,1.43,0.0143
2018-01-15,,
2018-01-16,1.45,0.014499999999999999
2018-01-17,1.44,0.0144
2018-01-18,1.45,0.014499999999999999
2018-01-19,1.44,0.0144
2018-01-22,1.44,0.0144
2018-01-23,1.44,0.0144
2018-01-24,1.43,0.0143
2018-01-25,1.42,0.014199999999999999
2018-01-26,1.41,0.0141
2018-01-29,1.44,0.0144
2018-01-30,1.44,0.0144
2018-01-31,1.46,0.0146
2018-02-01,1.48,0.0148
2018-02-02,1.48,0.0148
2018-02-05,1.51,0.0151
2018-02-06,1.52,0.0152
2018-02-07,1.55,0.0155
2018-02-08,1.55,0.0155
2018-02-09,1.55,0.0155
2018-02-12,1.62,0.016200000000000003
2018-02-13,1.59,0.0159
2018-02-14,1.58,0.0158
2018-02-15,1.58,0.0158
2018-02-16,1.62,0.016200000000000003
2018-02-19,,
2018-02-20,1.66,0.0166
2018-02-21,1.64,0.016399999999999998
2018-02-22,1.63,0.0163
2018-02-23,1.64,0.016399999999999998
2018-02-26,1.66,0.0166
2018-02-27,1.66,0.0166
2018-02-28,1.65,0.0165
2018-03-01,1.63,0.0163
2018-03-02,1.65,0.0165
2018-03-05,1.7,0.017
2018-03-06,1.68,0.0168
2018-03-07,1.68,0.0168
2018-03-08,1.67,0.0167
2018-03-09,1.67,0.0167
2018-03-12,1.71,0.0171
2018-03-13,1.73,0.0173
2018-03-14,1.76,0.0176
2018-03-15,1.77,0.0177
2018-03-16,1.78,0.0178
2018-03-19,1.8,0.018000000000000002
2018-03-20,1.81,0.0181
2018-03-21,1.74,0.0174
2018-03-22,1.72,0.0172
2018-03-23,1.74,0.0174
2018-03-26,1.79,0.0179
2018-03-27,1.77,0.0177
2018-03-28,1.73,0.0173
2018-03-29,1.73,0.0173
2018-03-30,,
2018-04-02,1.77,0.0177
2018-04-03,1.75,0.0175
2018-04-04,1.71,0.0171
2018-04-05,1.72,0.0172
2018-04-06,1.73,0.0173
2018-04-09,1.76,0.0176
2018-04-10,1.74,0.0174
2018-04-11,1.73,0.0173
2018-04-12,1.75,0.0175
2018-04-13,1.76,0.0176
2018-04-16,1.79,0.0179
2018-04-17,1.8,0.018000000000000002
2018-04-18,1.81,0.0181
2018-04-19,1.82,0.0182
2018-04-20,1.81,0.0181
2018-04-23,1.87,0.0187
2018-04-24,1.87,0.0187
2018-04-25,1.85,0.018500000000000003
2018-04-26,1.82,0.0182
2018-04-27,1.82,0.0182
2018-04-30,1.87,0.0187
2018-05-01,1.85,0.018500000000000003
2018-05-02,1.84,0.0184
2018-05-03,1.84,0.0184
2018-05-04,1.84,0.0184
2018-05-07,1.86,0.018600000000000002
2018-05-08,1.87,0.0187
2018-05-09,1.88,0.018799999999999997
2018-05-10,1.9,0.019
2018-05-11,1.92,0.0192
2018-05-14,1.93,0.019299999999999998
2018-05-15,1.92,0.0192
2018-05-16,1.92,0.0192
2018-05-17,1.92,0.0192
2018-05-18,1.91,0.0191
2018-05-21,1.93,0.019299999999999998
2018-05-22,1.93,0.019299999999999998
2018-05-23,1.92,0.0192
2018-05-24,1.91,0.0191
2018-05-25,1.9,0.019
2018-05-28,,
2018-05-29,1.93,0.019299999999999998
2018-05-30,1.94,0.0194
2018-05-31,1.93,0.019299999999999998
2018-06-01,1.92,0.0192
2018-06-04,1.94,0.0194
2018-06-05,1.94,0.0194
2018-06-06,1.95,0.0195
2018-06-07,1.94,0.0194
2018-06-08,1.93,0.019299999999999998
2018-06-11,1.94,0.0194
2018-06-12,1.92,0.0192
2018-06-13,1.94,0.0194
2018-06-14,1.94,0.0194
2018-06-15,1.94,0.0194
2018-06-18,1.94,0.0194
2018-06-19,1.94,0.0194
2018-06-20,1.94,0.0194
2018-06-21,1.94,0.0194
2018-06-22,1.93,0.019299999999999998
2018-06-25,1.93,0.019299999999999998
2018-06-26,1.93,0.019299999999999998
2018-06-27,1.93,0.019299999999999998
2018-06-28,1.93,0.019299999999999998
2018-06-29,1.93,0.019299999999999998
2018-07-02,1.98,0.019799999999999998
2018-07-03,1.98,0.019799999999999998
2018-07-04,,
2018-07-05,1.96,0.0196
2018-07-06,1.97,0.0197
2018-07-09,1.98,0.019799999999999998
2018-07-10,1.99,0.0199
2018-07-11,1.97,0.0197
2018-07-12,1.98,0.019799999999999998
2018-07-13,1.98,0.019799999999999998
2018-07-16,2.01,0.020099999999999996
2018-07-17,2.02,0.0202
2018-07-18,2.0,0.02
2018-07-19,2.0,0.02
2018-07-20,1.99,0.0199
2018-07-23,1.99,0.0199
2018-07-24,2.02,0.0202
2018-07-25,2.01,0.020099999999999996
2018-07-26,1.99,0.0199
2018-07-27,2.0,0.02
2018-07-30,2.04,0.0204
2018-07-31,2.03,0.0203
2018-08-01,2.03,0.0203
2018-08-02,2.02,0.0202
2018-08-03,2.01,0.020099999999999996
2018-08-06,2.05,0.020499999999999997
2018-08-07,2.06,0.0206
2018-08-08,2.06,0.0206
2018-08-09,2.06,0.0206
2018-08-10,2.05,0.020499999999999997
2018-08-13,2.06,0.0206
2018-08-14,2.08,0.0208
2018-08-15,2.07,0.0207
2018-08-16,2.07,0.0207
2018-08-17,2.05,0.020499999999999997
2018-08-20,2.06,0.0206
2018-08-21,2.08,0.0208
2018-08-22,2.09,0.0209
2018-08-23,2.08,0.0208
2018-08-24,2.09,0.0209
2018-08-27,2.12,0.0212
2018-08-28,2.13,0.0213
2018-08-29,2.13,0.0213
2018-08-30,2.11,0.021099999999999997
2018-08-31,2.11,0.021099999999999997
2018-09-03,,
2018-09-04,2.13,0.0213
2018-09-05,2.14,0.021400000000000002
2018-09-06,2.13,0.0213
2018-09-07,2.14,0.021400000000000002
2018-09-10,2.14,0.021400000000000002
2018-09-11,2.15,0.0215
2018-09-12,2.16,0.0216
2018-09-13,2.15,0.0215
2018-09-14,2.16,0.0216
2018-09-17,2.16,0.0216
2018-09-18,2.17,0.0217
2018-09-19,2.16,0.0216
2018-09-20,2.17,0.0217
2018-09-21,2.18,0.0218
2018-09-24,2.22,0.0222
2018-09-25,2.21,0.022099999999999998
2018-09-26,2.2,0.022000000000000002
2018-09-27,2.18,0.0218
2018-09-28,2.19,0.0219
2018-10-01,2.23,0.0223
2018-10-02,2.23,0.0223
2018-10-03,2.23,0.0223
2018-10-04,2.22,0.0222
2018-10-05,2.23,0.0223
2018-10-08,,
2018-10-09,2.25,0.0225
2018-10-10,2.27,0.0227
2018-10-11,2.27,0.0227
2018-10-12,2.28,0.022799999999999997
2018-10-15,2.31,0.0231
2018-10-16,2.3,0.023
2018-10-17,2.31,0.0231
2018-10-18,2.32,0.0232
2018-10-19,2.31,0.0231
2018-10-22,2.34,0.023399999999999997
2018-10-23,2.33,0.0233
2018-10-24,2.34,0.023399999999999997
2018-10-25,2.34,0.023399999999999997
2018-10-26,2.33,0.0233
2018-10-29,2.34,0.023399999999999997
2018-10-30,2.33,0.0233
2018-10-31,2.34,0.023399999999999997
2018-11-01,2.32,0.0232
2018-11-02,2.33,0.0233
2018-11-05,2.36,0.0236
2018-11-06,2.35,0.0235
2018-11-07,2.37,0.023700000000000002
2018-11-08,2.35,0.0235
2018-11-09,2.36,0.0236
2018-11-12,,
2018-11-13,2.38,0.023799999999999998
2018-11-14,2.38,0.023799999999999998
2018-11-15,2.37,0.023700000000000002
2018-11-16,2.36,0.0236
2018-11-19,2.38,0.023799999999999998
2018-11-20,2.39,0.0239
2018-11-21,2.41,0.0241
2018-11-22,,
2018-11-23,2.41,0.0241
2018-11-26,2.41,0.0241
2018-11-27,2.41,0.0241
2018-11-28,2.4,0.024
2018-11-29,2.37,0.023700000000000002
2018-11-30,2.37,0.023700000000000002
2018-12-03,2.38,0.023799999999999998
2018-12-04,2.42,0.0242
2018-12-05,,
2018-12-06,2.41,0.0241
2018-12-07,2.4,0.024
2018-12-10,2.41,0.0241
2018-12-11,2.41,0.0241
2018-12-12,2.43,0.024300000000000002
2018-12-13,2.43,0.024300000000000002
2018-12-14,2.42,0.0242
2018-12-17,2.4,0.024
2018-12-18,2.39,0.0239
2018-12-19,2.4,0.024
2018-12-20,2.39,0.0239
2018-12-21,2.39,0.0239
2018-12-24,2.45,0.0245
2018-12-25,,
2018-12-26,2.44,0.024399999999999998
2018-12-27,2.41,0.0241
2018-12-28,2.4,0.024
2018-12-31,2.45,0.0245
2019-01-01,,
2019-01-02,2.42,0.0242
2019-01-03,2.41,0.0241
2019-01-04,2.42,0.0242
2019-01-07,2.45,0.0245
2019-01-08,2.46,0.0246
2019-01-09,2.45,0.0245
2019-01-10,2.43,0.024300000000000002
2019-01-11,2.43,0.024300000000000002
2019-01-14,2.45,0.0245
2019-01-15,2.45,0.0245
2019-01-16,2.43,0.024300000000000002
2019-01-17,2.42,0.0242
2019-01-18,2.41,0.0241
2019-01-21,,
2019-01-22,2.43,0.024300000000000002
2019-01-23,2.41,0.0241
2019-01-24,2.37,0.023700000000000002
2019-01-25,2.39,0.0239
2019-01-28,2.42,0.0242
2019-01-29,2.42,0.0242
2019-01-30,2.42,0.0242
2019-01-31,2.41,0.0241
2019-02-01,2.4,0.024
2019-02-04,2.42,0.0242
2019-02-05,2.42,0.0242
2019-02-06,2.42,0.0242
2019-02-07,2.42,0.0242
2019-02-08,2.43,0.024300000000000002
2019-02-11,2.45,0.0245
2019-02-12,2.43,0.024300000000000002
2019-02-13,2.44,0.024399999999999998
2019-02-14,2.43,0.024300000000000002
2019-02-15,2.43,0.024300000000000002
2019-02-18,,
2019-02-19,2.45,0.0245
2019-02-20,2.45,0.0245
2019-02-21,2.45,0.0245
2019-02-22,2.46,0.0246
2019-02-25,2.47,0.024700000000000003
2019-02-26,2.45,0.0245
2019-02-27,2.45,0.0245
2019-02-28,2.45,0.0245
2019-03-01,2.44,0.024399999999999998
2019-03-04,2.46,0.0246
2019-03-05,2.46,0.0246
2019-03-06,2.47,0.024700000000000003
2019-03-07,2.45,0.0245
2019-03-08,2.46,0.0246
2019-03-11,2.46,0.0246
2019-03-12,2.46,0.0246
2019-03-13,2.45,0.0245
2019-03-14,2.45,0.0245
2019-03-15,2.45,0.0245
2019-03-18,2.44,0.024399999999999998
2019-03-19,2.46,0.0246
2019-03-20,2.48,0.0248
2019-03-21,2.49,0.024900000000000002
2019-03-22,2.46,0.0246
2019-03-25,2.46,0.0246
2019-03-26,2.46,0.0246
2019-03-27,2.44,0.024399999999999998
2019-03-28,2.43,0.024300000000000002
2019-03-29,2.4,0.024
2019-04-01,2.43,0.024300000000000002
2019-04-02,2.42,0.0242
2019-04-03,2.44,0.024399999999999998
2019-04-04,2.44,0.024399999999999998
2019-04-05,2.44,0.024399999999999998
2019-04-08,2.43,0.024300000000000002
2019-04-09,2.42,0.0242
2019-04-10,2.43,0.024300000000000002
2019-04-11,2.43,0.024300000000000002
2019-04-12,2.44,0.024399999999999998
2019-04-15,2.43,0.024300000000000002
2019-04-16,2.43,0.024300000000000002
2019-04-17,2.44,0.024399999999999998
2019-04-18,2.42,0.0242
2019-04-19,,
2019-04-22,2.44,0.024399999999999998
2019-04-23,2.45,0.0245
2019-04-24,2.44,0.024399999999999998
2019-04-25,2.43,0.024300000000000002
2019-04-26,2.42,0.0242
2019-04-29,2.44,0.024399999999999998
2019-04-30,2.43,0.024300000000000002
2019-05-01,2.43,0.024300000000000002
2019-05-02,2.47,0.024700000000000003
2019-05-03,2.43,0.024300000000000002
2019-05-06,2.44,0.024399999999999998
2019-05-07,2.43,0.024300000000000002
2019-05-08,2.43,0.024300000000000002
2019-05-09,2.43,0.024300000000000002
2019-05-10,2.43,0.024300000000000002
2019-05-13,2.41,0.0241
2019-05-14,2.41,0.0241
2019-05-15,2.42,0.0242
2019-05-16,2.4,0.024
2019-05-17,2.39,0.0239
2019-05-20,2.39,0.0239
2019-05-21,2.39,0.0239
2019-05-22,2.38,0.023799999999999998
2019-05-23,2.37,0.023700000000000002
2019-05-24,2.35,0.0235
2019-05-27,,
2019-05-28,2.37,0.023700000000000002
2019-05-29,2.37,0.023700000000000002
2019-05-30,2.38,0.023799999999999998
2019-05-31,2.35,0.0235
2019-06-03,2.35,0.0235
2019-06-04,2.35,0.0235
2019-06-05,2.35,0.0235
2019-06-06,2.33,0.0233
2019-06-07,2.28,0.022799999999999997
2019-06-10,2.29,0.0229
2019-06-11,2.27,0.0227
2019-06-12,2.24,0.022400000000000003
2019-06-13,2.19,0.0219
2019-06-14,2.2,0.022000000000000002
2019-06-17,2.23,0.0223
2019-06-18,2.22,0.0222
2019-06-19,2.18,0.0218
2019-06-20,2.14,0.021400000000000002
2019-06-21,2.11,0.021099999999999997
2019-06-24,2.13,0.0213
2019-06-25,2.12,0.0212
2019-06-26,2.15,0.0215
2019-06-27,2.14,0.021400000000000002
2019-06-28,2.12,0.0212
2019-07-01,2.21,0.022099999999999998
2019-07-02,2.2,0.022000000000000002
2019-07-03,2.21,0.022099999999999998
2019-07-04,,
2019-07-05,2.23,0.0223
2019-07-08,2.26,0.0226
2019-07-09,2.26,0.0226
2019-07-10,2.2,0.022000000000000002
2019-07-11,2.17,0.0217
2019-07-12,2.14,0.021400000000000002
2019-07-15,2.16,0.0216
2019-07-16,2.15,0.0215
2019-07-17,2.14,0.021400000000000002
2019-07-18,2.05,0.020499999999999997
2019-07-19,2.06,0.0206
2019-07-22,2.09,0.0209
2019-07-23,2.06,0.0206
2019-07-24,2.1,0.021
2019-07-25,2.1,0.021
2019-07-26,2.12,0.0212
2019-07-29,2.12,0.0212
2019-07-30,2.08,0.0208
2019-07-31,2.08,0.0208
2019-08-01,2.07,0.0207
2019-08-02,2.06,0.0206
2019-08-05,2.05,0.020499999999999997
2019-08-06,2.05,0.020499999999999997
2019-08-07,2.02,0.0202
2019-08-08,2.02,0.0202
2019-08-09,2.0,0.02
2019-08-12,2.0,0.02
2019-08-13,2.0,0.02
2019-08-14,1.96,0.0196
2019-08-15,1.91,0.0191
2019-08-16,1.87,0.0187
2019-08-19,1.94,0.0194
2019-08-20,1.94,0.0194
2019-08-21,1.97,0.0197
2019-08-22,2.0,0.02
2019-08-23,1.97,0.0197
2019-08-26,2.01,0.020099999999999996
2019-08-27,1.98,0.019799999999999998
2019-08-28,1.99,0.0199
2019-08-29,1.99,0.0199
2019-08-30,1.99,0.0199
2019-09-02,,
2019-09-03,1.98,0.019799999999999998
2019-09-04,1.97,0.0197
2019-09-05,1.97,0.0197
2019-09-06,1.96,0.0196
2019-09-09,1.96,0.0196
2019-09-10,1.95,0.0195
2019-09-11,1.96,0.0196
2019-09-12,1.95,0.0195
2019-09-13,1.96,0.0196
2019-09-16,1.99,0.0199
2019-09-17,1.99,0.0199
2019-09-18,1.95,0.0195
2019-09-19,1.93,0.019299999999999998
2019-09-20,1.91,0.0191
2019-09-23,1.94,0.0194
2019-09-24,1.92,0.0192
2019-09-25,1.89,0.0189
2019-09-26,1.83,0.0183
2019-09-27,1.8,0.018000000000000002
2019-09-30,1.88,0.018799999999999997
2019-10-01,1.82,0.0182
2019-10-02,1.79,0.0179
2019-10-03,1.7,0.017
2019-10-04,1.71,0.0171
2019-10-07,1.75,0.0175
2019-10-08,1.72,0.0172
2019-10-09,1.69,0.0169
2019-10-10,1.68,0.0168
2019-10-11,1.68,0.0168
2019-10-14,,
2019-10-15,1.67,0.0167
2019-10-16,1.66,0.0166
2019-10-17,1.66,0.0166
2019-10-18,1.66,0.0166
2019-10-21,1.67,0.0167
2019-10-22,1.65,0.0165
2019-10-23,1.65,0.0165
2019-10-24,1.67,0.0167
2019-10-25,1.66,0.0166
2019-10-28,1.65,0.0165
2019-10-29,1.63,0.0163
2019-10-30,1.62,0.016200000000000003
2019-10-31,1.54,0.0154
2019-11-01,1.52,0.0152
2019-11-04,1.53,0.015300000000000001
2019-11-05,1.56,0.015600000000000001
2019-11-06,1.56,0.015600000000000001
2019-11-07,1.56,0.015600000000000001
2019-11-08,1.55,0.0155
2019-11-11,,
2019-11-12,1.59,0.0159
2019-11-13,1.57,0.015700000000000002
2019-11-14,1.57,0.015700000000000002
2019-11-15,1.57,0.015700000000000002
2019-11-18,1.57,0.015700000000000002
2019-11-19,1.57,0.015700000000000002
2019-11-20,1.57,0.015700000000000002
2019-11-21,1.58,0.0158
2019-11-22,1.58,0.0158
2019-11-25,1.61,0.0161
2019-11-26,1.6,0.016
2019-11-27,1.62,0.016200000000000003
2019-11-28,,
2019-11-29,1.59,0.0159
2019-12-02,1.6,0.016
2019-12-03,1.57,0.015700000000000002
2019-12-04,1.55,0.0155
2019-12-05,1.54,0.0154
2019-12-06,1.53,0.015300000000000001
2019-12-09,1.54,0.0154
2019-12-10,1.56,0.015600000000000001
2019-12-11,1.57,0.015700000000000002
2019-12-12,1.56,0.015600000000000001
2019-12-13,1.57,0.015700000000000002
2019-12-16,1.57,0.015700000000000002
2019-12-17,1.56,0.015600000000000001
2019-12-18,1.56,0.015600000000000001
2019-12-19,1.57,0.015700000000000002
2019-12-20,1.58,0.0158
2019-12-23,1.59,0.0159
2019-12-24,1.58,0.0158
2019-12-25,,
2019-12-26,1.58,0.0158
2019-12-27,1.57,0.015700000000000002
2019-12-30,1.57,0.015700000000000002
2019-12-31,1.55,0.0155
2020-01-01,,
2020-01-02,1.54,0.0154
2020-01-03,1.52,0.0152
2020-01-06,1.56,0.015600000000000001
2020-01-07,1.54,0.0154
2020-01-08,1.54,0.0154
2020-01-09,1.54,0.0154
2020-01-10,1.54,0.0154
2020-01-13,1.57,0.015700000000000002
2020-01-14,1.57,0.015700000000000002
2020-01-15,1.57,0.015700000000000002
2020-01-16,1.55,0.0155
2020-01-17,1.56,0.015600000000000001
2020-01-20,,
2020-01-21,1.56,0.015600000000000001
2020-01-22,1.55,0.0155
2020-01-23,1.55,0.0155
2020-01-24,1.54,0.0154
2020-01-27,1.55,0.0155
2020-01-28,1.57,0.015700000000000002
2020-01-29,1.56,0.015600000000000001
2020-01-30,1.57,0.015700000000000002
2020-01-31,1.55,0.0155
2020-02-03,1.57,0.015700000000000002
2020-02-04,1.57,0.015700000000000002
2020-02-05,1.57,0.015700000000000002
2020-02-06,1.57,0.015700000000000002
2020-02-07,1.56,0.015600000000000001
2020-02-10,1.58,0.0158
2020-02-11,1.57,0.015700000000000002
2020-02-12,1.58,0.0158
2020-02-13,1.59,0.0159
2020-02-14,1.58,0.0158
2020-02-17,,
2020-02-18,1.58,0.0158
2020-02-19,1.58,0.0158
2020-02-20,1.58,0.0158
2020-02-21,1.56,0.015600000000000001
2020-02-24,1.53,0.015300000000000001
2020-02-25,1.53,0.015300000000000001
2020-02-26,1.53,0.015300000000000001
2020-02-27,1.45,0.014499999999999999
2020-02-28,1.27,0.0127
2020-03-02,1.13,0.0113
2020-03-03,0.95,0.0095
2020-03-04,0.72,0.0072
2020-03-05,0.62,0.0062
2020-03-06,0.45,0.0045000000000000005
2020-03-09,0.33,0.0033
2020-03-10,0.44,0.0044
2020-03-11,0.42,0.0042
2020-03-12,0.33,0.0033
2020-03-13,0.28,0.0028000000000000004
2020-03-16,0.24,0.0024
2020-03-17,0.19,0.0019
2020-03-18,0.02,0.0002
2020-03-19,0.04,0.0004
2020-03-20,0.05,0.0005
2020-03-23,0.02,0.0002
2020-03-24,0.01,0.0001
2020-03-25,0.0,0.0
2020-03-26,0.0,0.0
2020-03-27,0.03,0.0003
2020-03-30,0.12,0.0012
2020-03-31,0.11,0.0011
2020-04-01,0.09,0.0009
2020-04-02,0.09,0.0009
2020-04-03,0.1,0.001
2020-04-06,0.15,0.0015
2020-04-07,0.14,0.0014000000000000002
2020-04-08,0.22,0.0022
2020-04-09,0.25,0.0025
2020-04-10,,
2020-04-13,0.26,0.0026
2020-04-14,0.2,0.002
2020-04-15,0.14,0.0014000000000000002
2020-04-16,0.14,0.0014000000000000002
2020-04-17,0.12,0.0012
2020-04-20,0.12,0.0012
2020-04-21,0.11,0.0011
2020-04-22,0.12,0.0012
2020-04-23,0.11,0.0011
2020-04-24,0.12,0.0012
2020-04-27,0.12,0.0012
2020-04-28,0.11,0.0011
2020-04-29,0.1,0.001
2020-04-30,0.09,0.0009
2020-05-01,0.12,0.0012
2020-05-04,0.13,0.0013
2020-05-05,0.13,0.0013
2020-05-06,0.12,0.0012
2020-05-07,0.11,0.0011
2020-05-08,0.12,0.0012
2020-05-11,0.12,0.0012
2020-05-12,0.13,0.0013
2020-05-13,0.13,0.0013
2020-05-14,0.12,0.0012
2020-05-15,0.12,0.0012
2020-05-18,0.13,0.0013
2020-05-19,0.13,0.0013
2020-05-20,0.12,0.0012
2020-05-21,0.12,0.0012
2020-05-22,0.12,0.0012
2020-05-25,,
2020-05-26,0.14,0.0014000000000000002
2020-05-27,0.15,0.0015
2020-05-28,0.15,0.0015
2020-05-29,0.14,0.0014000000000000002
2020-06-01,0.14,0.0014000000000000002
2020-06-02,0.15,0.0015
2020-06-03,0.16,0.0016
2020-06-04,0.15,0.0015
2020-06-05,0.15,0.0015
2020-06-08,0.17,0.0017000000000000001
2020-06-09,0.19,0.0019
2020-06-10,0.17,0.0017000000000000001
2020-06-11,0.17,0.0017000000000000001
2020-06-12,0.16,0.0016
2020-06-15,0.18,0.0018
2020-06-16,0.17,0.0017000000000000001
2020-06-17,0.17,0.0017000000000000001
2020-06-18,0.16,0.0016
2020-06-19,0.15,0.0015
2020-06-22,0.16,0.0016
2020-06-23,0.16,0.0016
2020-06-24,0.15,0.0015
2020-06-25,0.16,0.0016
2020-06-26,0.14,0.0014000000000000002
2020-06-29,0.14,0.0014000000000000002
2020-06-30,0.16,0.0016
2020-07-01,0.14,0.0014000000000000002
2020-07-02,0.14,0.0014000000000000002
2020-07-03,,
2020-07-06,0.15,0.0015
2020-07-07,0.15,0.0015
2020-07-08,0.15,0.0015
2020-07-09,0.13,0.0013
2020-07-10,0.13,0.0013
2020-07-13,0.14,0.0014000000000000002
2020-07-14,0.15,0.0015
2020-07-15,0.16,0.0016
2020-07-16,0.11,0.0011
2020-07-17,0.11,0.0011
2020-07-20,0.13,0.0013
2020-07-21,0.13,0.0013
2020-07-22,0.13,0.0013
2020-07-23,0.12,0.0012
2020-07-24,0.11,0.0011
2020-07-27,0.11,0.0011
2020-07-28,0.11,0.0011
2020-07-29,0.11,0.0011
2020-07-30,0.09,0.0009
2020-07-31,0.09,0.0009
2020-08-03,0.1,0.001
2020-08-04,0.09,0.0009
2020-08-05,0.1,0.001
2020-08-06,0.1,0.001
2020-08-07,0.1,0.001
2020-08-10,0.11,0.0011
2020-08-11,0.11,0.0011
2020-08-12,0.11,0.0011
2020-08-13,0.1,0.001
2020-08-14,0.1,0.001
2020-08-17,0.1,0.001
2020-08-18,0.09,0.0009
2020-08-19,0.11,0.0011
2020-08-20,0.11,0.0011
2020-08-21,0.1,0.001
2020-08-24,0.12,0.0012
2020-08-25,0.11,0.0011
2020-08-26,0.11,0.0011
2020-08-27,0.11,0.0011
2020-08-28,0.1,0.001
2020-08-31,0.11,0.0011
2020-09-01,0.12,0.0012
2020-09-02,0.12,0.0012
2020-09-03,0.11,0.0011
2020-09-04,0.11,0.0011
2020-09-07,,
2020-09-08,0.13,0.0013
2020-09-09,0.12,0.0012
2020-09-10,0.12,0.0012
2020-09-11,0.11,0.0011
2020-09-14,0.11,0.0011
2020-09-15,0.11,0.0011
2020-09-16,0.12,0.0012
2020-09-17,0.09,0.0009
2020-09-18,0.1,0.001
2020-09-21,0.1,0.001
2020-09-22,0.1,0.001
2020-09-23,0.11,0.0011
2020-09-24,0.1,0.001
2020-09-25,0.1,0.001
2020-09-28,0.11,0.0011
2020-09-29,0.09,0.0009
2020-09-30,0.1,0.001
2020-10-01,0.09,0.0009
2020-10-02,0.09,0.0009
2020-10-05,0.1,0.001
2020-10-06,0.1,0.001
2020-10-07,0.1,0.001
2020-10-08,0.09,0.0009
2020-10-09,0.1,0.001
2020-10-12,,
2020-10-13,0.11,0.0011
2020-10-14,0.12,0.0012
2020-10-15,0.11,0.0011
2020-10-16,0.11,0.0011
2020-10-19,0.11,0.0011
2020-10-20,0.1,0.001
2020-10-21,0.1,0.001
2020-10-22,0.09,0.0009
2020-10-23,0.1,0.001
2020-10-26,0.11,0.0011
2020-10-27,0.1,0.001
2020-10-28,0.1,0.001
2020-10-29,0.09,0.0009
2020-10-30,0.09,0.0009
2020-11-02,0.09,0.0009
2020-11-03,0.1,0.001
2020-11-04,0.1,0.001
2020-11-05,0.1,0.001
2020-11-06,0.1,0.001
2020-11-09,0.11,0.0011
2020-11-10,0.1,0.001
2020-11-11,,
2020-11-12,0.1,0.001
2020-11-13,0.09,0.0009
2020-11-16,0.09,0.0009
2020-11-17,0.09,0.0009
2020-11-18,0.09,0.0009
2020-11-19,0.07,0.0007000000000000001
2020-11-20,0.07,0.0007000000000000001
2020-11-23,0.08,0.0008
2020-11-24,0.09,0.0009
2020-11-25,0.09,0.0009
2020-11-26,,
2020-11-27,0.09,0.0009
2020-11-30,0.08,0.0008
2020-12-01,0.09,0.0009
2020-12-02,0.09,0.0009
2020-12-03,0.08,0.0008
2020-12-04,0.09,0.0009
2020-12-07,0.08,0.0008
2020-12-08,0.09,0.0009
2020-12-09,0.08,0.0008
2020-12-10,0.08,0.0008
2020-12-11,0.08,0.0008
2020-12-14,0.09,0.0009
2020-12-15,0.08,0.0008
2020-12-16,0.09,0.0009
2020-12-17,0.08,0.0008
2020-12-18,0.08,0.0008
2020-12-21,0.09,0.0009
2020-12-22,0.09,0.0009
2020-12-23,0.09,0.0009
2020-12-24,0.09,0.0009
2020-12-25,,
2020-12-28,0.11,0.0011
2020-12-29,0.1,0.001
2020-12-30,0.08,0.0008
2020-12-31,0.09,0.0009
2021-01-01,,
2021-01-04,0.09,0.0009
2021-01-05,0.09,0.0009
2021-01-06,0.09,0.0009
2021-01-07,0.09,0.0009
2021-01-08,0.08,0.0008
2021-01-11,0.08,0.0008
2021-01-12,0.09,0.0009
2021-01-13,0.09,0.0009
2021-01-14,0.09,0.0009
2021-01-15,0.09,0.0009
2021-01-18,,
2021-01-19,0.09,0.0009
2021-01-20,0.08,0.0008
2021-01-21,0.09,0.0009
2021-01-22,0.08,0.0008
2021-01-25,0.09,0.0009
2021-01-26,0.07,0.0007000000000000001
2021-01-27,0.08,0.0008
2021-01-28,0.07,0.0007000000000000001
2021-01-29,0.06,0.0006
2021-02-01,0.07,0.0007000000000000001
2021-02-02,0.07,0.0007000000000000001
2021-02-03,0.04,0.0004
2021-02-04,0.04,0.0004
2021-02-05,0.03,0.0003
2021-02-08,0.05,0.0005
2021-02-09,0.04,0.0004
2021-02-10,0.05,0.0005
2021-02-11,0.05,0.0005
2021-02-12,0.04,0.0004
2021-02-15,,
2021-02-16,0.04,0.0004
2021-02-17,0.04,0.0004
2021-02-18,0.03,0.0003
2021-02-19,0.04,0.0004
2021-02-22,0.03,0.0003
2021-02-23,0.04,0.0004
2021-02-24,0.03,0.0003
2021-02-25,0.04,0.0004
2021-02-26,0.04,0.0004
2021-03-01,0.05,0.0005
2021-03-02,0.04,0.0004
2021-03-03,0.05,0.0005
2021-03-04,0.04,0.0004
2021-03-05,0.04,0.0004
2021-03-08,0.05,0.0005
2021-03-09,0.05,0.0005
2021-03-10,0.04,0.0004
2021-03-11,0.04,0.0004
2021-03-12,0.04,0.0004
2021-03-15,0.04,0.0004
2021-03-16,0.02,0.0002
2021-03-17,0.02,0.0002
2021-03-18,0.01,0.0001
2021-03-19,0.01,0.0001
2021-03-22,0.03,0.0003
2021-03-23,0.01,0.0001
2021-03-24,0.02,0.0002
2021-03-25,0.02,0.0002
2021-03-26,0.02,0.0002
2021-03-29,0.03,0.0003
2021-03-30,0.02,0.0002
2021-03-31,0.03,0.0003
2021-04-01,0.02,0.0002
2021-04-02,0.02,0.0002
2021-04-05,0.03,0.0003
2021-04-06,0.02,0.0002
2021-04-07,0.02,0.0002
2021-04-08,0.01,0.0001
2021-04-09,0.02,0.0002
2021-04-12,0.02,0.0002
2021-04-13,0.03,0.0003
2021-04-14,0.02,0.0002
2021-04-15,0.02,0.0002
2021-04-16,0.02,0.0002
2021-04-19,0.02,0.0002
2021-04-20,0.03,0.0003
2021-04-21,0.03,0.0003
2021-04-22,0.03,0.0003
2021-04-23,0.03,0.0003
2021-04-26,0.03,0.0003
2021-04-27,0.01,0.0001
2021-04-28,0.01,0.0001
2021-04-29,0.01,0.0001
2021-04-30,0.01,0.0001
2021-05-03,0.04,0.0004
2021-05-04,0.02,0.0002
2021-05-05,0.02,0.0002
2021-05-06,0.02,0.0002
2021-05-07,0.02,0.0002
2021-05-10,0.02,0.0002
2021-05-11,0.01,0.0001
2021-05-12,0.02,0.0002
2021-05-13,0.02,0.0002
2021-05-14,0.01,0.0001
2021-05-17,0.02,0.0002
2021-05-18,0.02,0.0002
2021-05-19,0.01,0.0001
2021-05-20,0.01,0.0001
2021-05-21,0.01,0.0001
2021-05-24,0.02,0.0002
2021-05-25,0.02,0.0002
2021-05-26,0.02,0.0002
2021-05-27,0.02,0.0002
2021-05-28,0.01,0.0001
2021-05-31,,
2021-06-01,0.02,0.0002
2021-06-02,0.02,0.0002
2021-06-03,0.02,0.0002
2021-06-04,0.02,0.0002
2021-06-07,0.02,0.0002
2021-06-08,0.02,0.0002
2021-06-09,0.03,0.0003
2021-06-10,0.03,0.0003
2021-06-11,0.03,0.0003
2021-06-14,0.03,0.0003
2021-06-15,0.03,0.0003
2021-06-16,0.04,0.0004
2021-06-17,0.04,0.0004
2021-06-18,0.05,0.0005
2021-06-21,0.05,0.0005
2021-06-22,0.04,0.0004
2021-06-23,0.05,0.0005
2021-06-24,0.05,0.0005
2021-06-25,0.06,0.0006
2021-06-28,0.05,0.0005
2021-06-29,0.04,0.0004
2021-06-30,0.05,0.0005
2021-07-01,0.05,0.0005
2021-07-02,0.05,0.0005
2021-07-05,,
2021-07-06,0.05,0.0005
2021-07-07,0.05,0.0005
2021-07-08,0.06,0.0006
2021-07-09,0.06,0.0006
2021-07-12,0.05,0.0005
2021-07-13,0.05,0.0005
2021-07-14,0.06,0.0006
2021-07-15,0.05,0.0005
2021-07-16,0.05,0.0005
2021-07-19,0.05,0.0005
2021-07-20,0.05,0.0005
2021-07-21,0.05,0.0005
2021-07-22,0.05,0.0005
2021-07-23,0.05,0.0005
2021-07-26,0.05,0.0005
2021-07-27,0.05,0.0005
2021-07-28,0.05,0.0005
2021-07-29,0.06,0.0006
2021-07-30,0.06,0.0006
2021-08-02,0.05,0.0005
2021-08-03,0.05,0.0005
2021-08-04,0.05,0.0005
2021-08-05,0.05,0.0005
2021-08-06,0.06,0.0006
2021-08-09,0.06,0.0006
2021-08-10,0.05,0.0005
2021-08-11,0.05,0.0005
2021-08-12,0.06,0.0006
2021-08-13,0.06,0.0006
2021-08-16,0.06,0.0006
2021-08-17,0.07,0.0007000000000000001
2021-08-18,0.07,0.0007000000000000001
2021-08-19,0.06,0.0006
2021-08-20,0.05,0.0005
2021-08-23,0.05,0.0005
2021-08-24,0.05,0.0005
2021-08-25,0.06,0.0006
2021-08-26,0.05,0.0005
2021-08-27,0.05,0.0005
2021-08-30,0.05,0.0005
2021-08-31,0.04,0.0004
2021-09-01,0.05,0.0005
2021-09-02,0.05,0.0005
2021-09-03,0.05,0.0005
2021-09-06,,
2021-09-07,0.05,0.0005
2021-09-08,0.05,0.0005
2021-09-09,0.04,0.0004
2021-09-10,0.05,0.0005
2021-09-13,0.06,0.0006
2021-09-14,0.04,0.0004
2021-09-15,0.04,0.0004
2021-09-16,0.04,0.0004
2021-09-17,0.04,0.0004
2021-09-20,0.04,0.0004
2021-09-21,0.03,0.0003
2021-09-22,0.03,0.0003
2021-09-23,0.03,0.0003
2021-09-24,0.03,0.0003
2021-09-27,0.04,0.0004
2021-09-28,0.04,0.0004
2021-09-29,0.04,0.0004
2021-09-30,0.04,0.0004
2021-10-01,0.04,0.0004
2021-10-04,0.04,0.0004
2021-10-05,0.04,0.0004
2021-10-06,0.04,0.0004
2021-10-07,0.05,0.0005
2021-10-08,0.05,0.0005
2021-10-11,,
2021-10-12,0.06,0.0006
2021-10-13,0.05,0.0005
2021-10-14,0.05,0.0005
2021-10-15,0.05,0.0005
2021-10-18,0.06,0.0006
2021-10-19,0.05,0.0005
2021-10-20,0.05,0.0005
2021-10-21,0.06,0.0006
2021-10-22,0.06,0.0006
2021-10-25,0.06,0.0006
2021-10-26,0.06,0.0006
2021-10-27,0.06,0.0006
2021-10-28,0.06,0.0006
2021-10-29,0.05,0.0005
2021-11-01,0.05,0.0005
2021-11-02,0.05,0.0005
2021-11-03,0.05,0.0005
2021-11-04,0.04,0.0004
2021-11-05,0.05,0.0005
2021-11-08,0.06,0.0006
2021-11-09,0.04,0.0004
2021-11-10,0.05,0.0005
2021-11-11,,
2021-11-12,0.05,0.0005
2021-11-15,0.05,0.0005
2021-11-16,0.05,0.0005
2021-11-17,0.05,0.0005
2021-11-18,0.05,0.0005
2021-11-19,0.05,0.0005
2021-11-22,0.05,0.0005
2021-11-23,0.06,0.0006
2021-11-24,0.06,0.0006
2021-11-25,,
2021-11-26,0.06,0.0006
2021-11-29,0.06,0.0006
2021-11-30,0.05,0.0005
2021-12-01,0.06,0.0006
2021-12-02,0.05,0.0005
2021-12-03,0.06,0.0006
2021-12-06,0.05,0.0005
2021-12-07,0.06,0.0006
2021-12-08,0.07,0.0007000000000000001
2021-12-09,0.06,0.0006
2021-12-10,0.06,0.0006
2021-12-13,0.05,0.0005
2021-12-14,0.05,0.0005
2021-12-15,0.05,0.0005
2021-12-16,0.05,0.0005
2021-12-17,0.05,0.0005
2021-12-20,0.07,0.0007000000000000001
2021-12-21,0.07,0.0007000000000000001
2021-12-22,0.08,0.0008
2021-12-23,0.07,0.0007000000000000001
2021-12-24,,
2021-12-27,0.06,0.0006
2021-12-28,0.06,0.0006
2021-12-29,0.05,0.0005
2021-12-30,0.05,0.0005
2021-12-31,0.06,0.0006
2022-01-03,0.08,0.0008
2022-01-04,0.08,0.0008
2022-01-05,0.09,0.0009
2022-01-06,0.1,0.001
2022-01-07,0.1,0.001
2022-01-10,0.13,0.0013
2022-01-11,0.11,0.0011
2022-01-12,0.12,0.0012
2022-01-13,0.12,0.0012
2022-01-14,0.13,0.0013
2022-01-17,,
2022-01-18,0.16,0.0016
2022-01-19,0.17,0.0017000000000000001
2022-01-20,0.17,0.0017000000000000001
2022-01-21,0.17,0.0017000000000000001
2022-01-24,0.19,0.0019
2022-01-25,0.19,0.0019
2022-01-26,0.19,0.0019
2022-01-27,0.2,0.002
2022-01-28,0.19,0.0019
2022-01-31,0.22,0.0022
2022-02-01,0.19,0.0019
2022-02-02,0.19,0.0019
2022-02-03,0.2,0.002
2022-02-04,0.23,0.0023
2022-02-07,0.27,0.0027
2022-02-08,0.25,0.0025
2022-02-09,0.26,0.0026
2022-02-10,0.4,0.004
2022-02-11,0.36,0.0036
2022-02-14,0.43,0.0043
2022-02-15,0.4,0.004
2022-02-16,0.38,0.0038
2022-02-17,0.36,0.0036
2022-02-18,0.35,0.0034999999999999996
2022-02-21,,
2022-02-22,0.37,0.0037
2022-02-23,0.34,0.0034000000000000002
2022-02-24,0.32,0.0032
2022-02-25,0.33,0.0033
2022-02-28,0.35,0.0034999999999999996
2022-03-01,0.32,0.0032
2022-03-02,0.34,0.0034000000000000002
2022-03-03,0.38,0.0038
2022-03-04,0.34,0.0034000000000000002
2022-03-07,0.38,0.0038
2022-03-08,0.36,0.0036
2022-03-09,0.38,0.0038
2022-03-10,0.39,0.0039000000000000003
2022-03-11,0.4,0.004
2022-03-14,0.45,0.0045000000000000005
2022-03-15,0.46,0.0046
2022-03-16,0.44,0.0044
2022-03-17,0.4,0.004
2022-03-18,0.42,0.0042
2022-03-21,0.54,0.0054
2022-03-22,0.51,0.0051
2022-03-23,0.5,0.005
2022-03-24,0.52,0.0052
2022-03-25,0.55,0.0055000000000000005
2022-03-28,0.59,0.0059
2022-03-29,0.55,0.0055000000000000005
2022-03-30,0.55,0.0055000000000000005
2022-03-31,0.52,0.0052
2022-04-01,0.53,0.0053
2022-04-04,0.66,0.0066
2022-04-05,0.65,0.006500000000000001
2022-04-06,0.67,0.0067
2022-04-07,0.68,0.0068000000000000005
2022-04-08,0.7,0.006999999999999999
2022-04-11,0.77,0.0077
2022-04-12,0.74,0.0074
2022-04-13,0.75,0.0075
2022-04-14,0.79,0.0079
2022-04-15,,
2022-04-18,0.81,0.008100000000000001
2022-04-19,0.81,0.008100000000000001
2022-04-20,0.82,0.008199999999999999
2022-04-21,0.83,0.0083
2022-04-22,0.83,0.0083
2022-04-25,0.91,0.0091
2022-04-26,0.83,0.0083
2022-04-27,0.82,0.008199999999999999
2022-04-28,0.82,0.008199999999999999
2022-04-29,0.85,0.0085
2022-05-02,0.9,0.009000000000000001
2022-05-03,0.91,0.0091
2022-05-04,0.89,0.0089
2022-05-05,0.85,0.0085
2022-05-06,0.85,0.0085
2022-05-09,0.92,0.0092
2022-05-10,0.89,0.0089
2022-05-11,0.91,0.0091
2022-05-12,0.96,0.0096
2022-05-13,1.03,0.0103
2022-05-16,1.07,0.010700000000000001
2022-05-17,1.06,0.0106
2022-05-18,1.03,0.0103
2022-05-19,1.05,0.0105
2022-05-20,1.03,0.0103
2022-05-23,1.07,0.010700000000000001
2022-05-24,1.06,0.0106
2022-05-25,1.06,0.0106
2022-05-26,1.07,0.010700000000000001
2022-05-27,1.08,0.0108
2022-05-30,,
2022-05-31,1.16,0.0116
2022-06-01,1.15,0.0115
2022-06-02,1.17,0.011699999999999999
2022-06-03,1.21,0.0121
2022-06-06,1.26,0.0126
2022-06-07,1.26,0.0126
2022-06-08,1.28,0.0128
2022-06-09,1.3,0.013000000000000001
2022-06-10,1.39,0.0139
2022-06-13,1.73,0.0173
2022-06-14,1.83,0.0183
2022-06-15,1.74,0.0174
2022-06-16,1.59,0.0159
2022-06-17,1.63,0.0163
2022-06-20,,
2022-06-21,1.7,0.017
2022-06-22,1.61,0.0161
2022-06-23,1.65,0.0165
2022-06-24,1.73,0.0173
2022-06-27,1.79,0.0179
2022-06-28,1.79,0.0179
2022-06-29,1.78,0.0178
2022-06-30,1.72,0.0172
2022-07-01,1.73,0.0173
2022-07-04,,
2022-07-05,1.9,0.019
2022-07-06,1.9,0.019
2022-07-07,1.95,0.0195
2022-07-08,1.98,0.019799999999999998
2022-07-11,2.18,0.0218
2022-07-12,2.22,0.0222
2022-07-13,2.39,0.0239
2022-07-14,2.4,0.024
2022-07-15,2.37,0.023700000000000002
2022-07-18,2.5,0.025
2022-07-19,2.52,0.0252
2022-07-20,2.51,0.025099999999999997
2022-07-21,2.48,0.0248
2022-07-22,2.49,0.024900000000000002
2022-07-25,2.62,0.0262
2022-07-26,2.55,0.0255
2022-07-27,2.44,0.024399999999999998
2022-07-28,2.42,0.0242
2022-07-29,2.41,0.0241
2022-08-01,2.56,0.0256
2022-08-02,2.56,0.0256
2022-08-03,2.52,0.0252
2022-08-04,2.5,0.025
2022-08-05,2.58,0.0258
2022-08-08,2.65,0.0265
2022-08-09,2.67,0.026699999999999998
2022-08-10,2.65,0.0265
2022-08-11,2.62,0.0262
2022-08-12,2.63,0.0263
2022-08-15,2.72,0.027200000000000002
2022-08-16,2.7,0.027000000000000003
2022-08-17,2.68,0.0268
2022-08-18,2.71,0.0271
2022-08-19,2.74,0.0274
2022-08-22,2.82,0.0282
2022-08-23,2.8,0.027999999999999997
2022-08-24,2.82,0.0282
2022-08-25,2.88,0.0288
2022-08-26,2.89,0.028900000000000002
2022-08-29,2.97,0.0297
2022-08-30,2.97,0.0297
2022-08-31,2.96,0.0296
2022-09-01,2.97,0.0297
2022-09-02,2.94,0.0294
2022-09-05,,
2022-09-06,3.04,0.0304
2022-09-07,3.07,0.030699999999999998
2022-09-08,3.06,0.030600000000000002
2022-09-09,3.08,0.0308
2022-09-12,3.17,0.0317
2022-09-13,3.28,0.032799999999999996
2022-09-14,3.24,0.032400000000000005
2022-09-15,3.22,0.0322
2022-09-16,3.2,0.032
2022-09-19,3.37,0.0337
2022-09-20,3.35,0.0335
2022-09-21,3.31,0.0331
2022-09-22,3.29,0.0329
2022-09-23,3.24,0.032400000000000005
2022-09-26,3.39,0.0339
2022-09-27,3.35,0.0335
2022-09-28,3.4,0.034
2022-09-29,3.36,0.0336
2022-09-30,3.33,0.0333
2022-10-03,3.46,0.0346
2022-10-04,3.45,0.0345
2022-10-05,3.46,0.0346
2022-10-06,3.46,0.0346
2022-10-07,3.45,0.0345
2022-10-10,,
2022-10-11,3.67,0.036699999999999997
2022-10-12,3.7,0.037000000000000005
2022-10-13,3.79,0.0379
2022-10-14,3.81,0.0381
2022-10-17,3.97,0.0397
2022-10-18,4.04,0.0404
2022-10-19,4.07,0.0407
2022-10-20,4.09,0.0409
2022-10-21,4.09,0.0409
2022-10-24,4.16,0.0416
2022-10-25,4.14,0.0414
2022-10-26,4.11,0.041100000000000005
2022-10-27,4.13,0.041299999999999996
2022-10-28,4.18,0.0418
2022-10-31,4.22,0.042199999999999994
2022-11-01,4.23,0.042300000000000004
2022-11-02,4.22,0.042199999999999994
2022-11-03,4.25,0.0425
2022-11-04,4.21,0.0421
2022-11-07,4.29,0.0429
2022-11-08,4.28,0.042800000000000005
2022-11-09,4.29,0.0429
2022-11-10,4.28,0.042800000000000005
2022-11-11,,
2022-11-14,4.34,0.0434
2022-11-15,4.31,0.0431
2022-11-16,4.32,0.0432
2022-11-17,4.32,0.0432
2022-11-18,4.34,0.0434
2022-11-21,4.41,0.0441
2022-11-22,4.4,0.044000000000000004
2022-11-23,4.4,0.044000000000000004
2022-11-24,,
2022-11-25,4.41,0.0441
2022-11-28,4.41,0.0441
2022-11-29,4.38,0.0438
2022-11-30,4.37,0.0437
2022-12-01,4.33,0.0433
2022-12-02,4.34,0.0434
2022-12-05,4.36,0.0436
2022-12-06,4.37,0.0437
2022-12-07,4.29,0.0429
2022-12-08,4.28,0.042800000000000005
2022-12-09,4.31,0.0431
2022-12-12,4.38,0.0438
2022-12-13,4.35,0.0435
2022-12-14,4.33,0.0433
2022-12-15,4.34,0.0434
2022-12-16,4.31,0.0431
2022-12-19,4.37,0.0437
2022-12-20,4.35,0.0435
2022-12-21,4.33,0.0433
2022-12-22,4.35,0.0435
2022-12-23,4.34,0.0434
2022-12-26,,
2022-12-27,4.46,0.0446
2022-12-28,4.46,0.0446
2022-12-29,4.45,0.044500000000000005
2022-12-30,4.42,0.044199999999999996
2023-01-02,,
2023-01-03,4.53,0.0453
2023-01-04,4.55,0.0455
2023-01-05,4.66,0.0466
2023-01-06,4.67,0.0467
2023-01-09,4.7,0.047
2023-01-10,4.73,0.0473
2023-01-11,4.72,0.0472
2023-01-12,4.66,0.0466
2023-01-13,4.67,0.0467
2023-01-16,,
2023-01-17,4.71,0.0471
2023-01-18,4.69,0.046900000000000004
2023-01-19,4.71,0.0471
2023-01-20,4.72,0.0472
2023-01-23,4.73,0.0473
2023-01-24,4.72,0.0472
2023-01-25,4.72,0.0472
2023-01-26,4.71,0.0471
2023-01-27,4.73,0.0473
2023-01-30,4.72,0.0472
2023-01-31,4.7,0.047
2023-02-01,4.66,0.0466
2023-02-02,4.66,0.0466
2023-02-03,4.7,0.047
2023-02-06,4.71,0.0471
2023-02-07,4.71,0.0471
2023-02-08,4.72,0.0472
2023-02-09,4.77,0.04769999999999999
2023-02-10,4.79,0.0479
2023-02-13,4.81,0.0481
2023-02-14,4.8,0.048
2023-02-15,4.79,0.0479
2023-02-16,4.84,0.0484
2023-02-17,4.84,0.0484
2023-02-20,,
2023-02-21,4.86,0.048600000000000004
2023-02-22,4.84,0.0484
2023-02-23,4.84,0.0484
2023-02-24,4.86,0.048600000000000004
2023-02-27,4.89,0.0489
2023-02-28,4.88,0.048799999999999996
2023-03-01,4.9,0.049
2023-03-02,4.91,0.049100000000000005
2023-03-03,4.91,0.049100000000000005
2023-03-06,4.93,0.0493
2023-03-07,5.04,0.0504
2023-03-08,5.06,0.0506
2023-03-09,5.05,0.050499999999999996
2023-03-10,5.01,0.0501
2023-03-13,4.87,0.0487
2023-03-14,4.88,0.048799999999999996
2023-03-15,4.75,0.0475
2023-03-16,4.74,0.047400000000000005
2023-03-17,4.52,0.0452
2023-03-20,4.81,0.0481
2023-03-21,4.78,0.0478
2023-03-22,4.79,0.0479
2023-03-23,4.73,0.0473
2023-03-24,4.74,0.047400000000000005
2023-03-27,4.91,0.049100000000000005
2023-03-28,4.8,0.048
2023-03-29,4.8,0.048
2023-03-30,4.97,0.049699999999999994
2023-03-31,4.85,0.048499999999999995
2023-04-03,4.9,0.049
2023-04-04,4.88,0.048799999999999996
2023-04-05,4.86,0.048600000000000004
2023-04-06,4.91,0.049100000000000005
2023-04-07,4.95,0.0495
2023-04-10,5.08,0.0508
2023-04-11,5.04,0.0504
2023-04-12,5.02,0.050199999999999995
2023-04-13,5.1,0.051
2023-04-14,5.14,0.051399999999999994
2023-04-17,5.21,0.0521
2023-04-18,5.2,0.052000000000000005
2023-04-19,5.16,0.0516
2023-04-20,5.12,0.0512
2023-04-21,5.14,0.051399999999999994
2023-04-24,5.2,0.052000000000000005
2023-04-25,5.12,0.0512
2023-04-26,5.16,0.0516
2023-04-27,5.18,0.0518
2023-04-28,5.1,0.051
2023-05-01,5.27,0.0527
2023-05-02,5.24,0.0524
2023-05-03,5.26,0.0526
2023-05-04,5.26,0.0526
2023-05-05,5.26,0.0526
2023-05-08,5.31,0.053099999999999994
2023-05-09,5.29,0.0529
2023-05-10,5.24,0.0524
2023-05-11,5.2,0.052000000000000005
2023-05-12,5.25,0.0525
2023-05-15,5.21,0.0521
2023-05-16,5.23,0.052300000000000006
2023-05-17,5.26,0.0526
2023-05-18,5.31,0.053099999999999994
2023-05-19,5.29,0.0529
2023-05-22,5.4,0.054000000000000006
2023-05-23,5.34,0.053399999999999996
2023-05-24,5.37,0.0537
2023-05-25,5.38,0.0538
2023-05-26,5.34,0.053399999999999996
2023-05-29,,
2023-05-30,5.55,0.0555
2023-05-31,5.52,0.0552
2023-06-01,5.5,0.055
2023-06-02,5.5,0.055
2023-06-05,5.46,0.0546
2023-06-06,5.44,0.054400000000000004
2023-06-07,5.42,0.0542
2023-06-08,5.38,0.0538
2023-06-09,5.37,0.0537
2023-06-12,5.4,0.054000000000000006
2023-06-13,5.36,0.0536
2023-06-14,5.36,0.0536
2023-06-15,5.33,0.0533
2023-06-16,5.34,0.053399999999999996
2023-06-19,,
2023-06-20,5.39,0.053899999999999997
2023-06-21,5.4,0.054000000000000006
2023-06-22,5.4,0.054000000000000006
2023-06-23,5.41,0.0541
2023-06-26,5.5,0.055
2023-06-27,5.44,0.054400000000000004
2023-06-28,5.44,0.054400000000000004
2023-06-29,5.46,0.0546
2023-06-30,5.43,0.054299999999999994
2023-07-03,5.44,0.054400000000000004
2023-07-04,,
2023-07-05,5.44,0.054400000000000004
2023-07-06,5.46,0.0546
2023-07-07,5.46,0.0546
2023-07-10,5.48,0.0548
2023-07-11,5.49,0.054900000000000004
2023-07-12,5.47,0.0547
2023-07-13,5.47,0.0547
2023-07-14,5.49,0.054900000000000004
2023-07-17,5.49,0.054900000000000004
2023-07-18,5.49,0.054900000000000004
2023-07-19,5.49,0.054900000000000004
2023-07-20,5.49,0.054900000000000004
2023-07-21,5.5,0.055
2023-07-24,5.51,0.055099999999999996
2023-07-25,5.51,0.055099999999999996
2023-07-26,5.51,0.055099999999999996
2023-07-27,5.51,0.055099999999999996
2023-07-28,5.52,0.0552
2023-07-31,5.55,0.0555
2023-08-01,5.54,0.0554
2023-08-02,5.53,0.0553
2023-08-03,5.54,0.0554
2023-08-04,5.54,0.0554
2023-08-07,5.56,0.0556
2023-08-08,5.57,0.0557
2023-08-09,5.55,0.0555
2023-08-10,5.54,0.0554
2023-08-11,5.54,0.0554
2023-08-14,5.56,0.0556
2023-08-15,5.56,0.0556
2023-08-16,5.56,0.0556
2023-08-17,5.56,0.0556
2023-08-18,5.55,0.0555
2023-08-21,5.57,0.0557
2023-08-22,5.57,0.0557
2023-08-23,5.57,0.0557
2023-08-24,5.58,0.0558
2023-08-25,5.61,0.056100000000000004
2023-08-28,5.58,0.0558
2023-08-29,5.56,0.0556
2023-08-30,5.56,0.0556
2023-08-31,5.56,0.0556
2023-09-01,5.53,0.0553
2023-09-04,,
2023-09-05,5.55,0.0555
2023-09-06,5.55,0.0555
2023-09-07,5.53,0.0553
2023-09-08,5.55,0.0555
2023-09-11,5.55,0.0555
2023-09-12,5.56,0.0556
2023-09-13,5.55,0.0555
2023-09-14,5.55,0.0555
2023-09-15,5.56,0.0556
2023-09-18,5.55,0.0555
2023-09-19,5.54,0.0554
2023-09-20,5.56,0.0556
2023-09-21,5.57,0.0557
2023-09-22,5.56,0.0556
2023-09-25,5.58,0.0558
2023-09-26,5.58,0.0558
2023-09-27,5.58,0.0558
2023-09-28,5.56,0.0556
2023-09-29,5.55,0.0555
2023-10-02,5.62,0.0562
2023-10-03,5.62,0.0562
2023-10-04,5.61,0.056100000000000004
2023-10-05,5.61,0.056100000000000004
2023-10-06,5.63,0.056299999999999996
2023-10-09,,
2023-10-10,5.61,0.056100000000000004
2023-10-11,5.61,0.056100000000000004
2023-10-12,5.63,0.056299999999999996
2023-10-13,5.62,0.0562
2023-10-16,5.61,0.056100000000000004
2023-10-17,5.62,0.0562
2023-10-18,5.61,0.056100000000000004
2023-10-19,5.6,0.055999999999999994
2023-10-20,5.58,0.0558
2023-10-23,5.58,0.0558
2023-10-24,5.58,0.0558
2023-10-25,5.59,0.0559
2023-10-26,5.59,0.0559
2023-10-27,5.59,0.0559
2023-10-30,5.6,0.055999999999999994
2023-10-31,5.59,0.0559
2023-11-01,5.57,0.0557
2023-11-02,5.54,0.0554
2023-11-03,5.53,0.0553
2023-11-06,5.56,0.0556
2023-11-07,5.55,0.0555
2023-11-08,5.54,0.0554
2023-11-09,5.54,0.0554
2023-11-10,5.53,0.0553
2023-11-13,5.55,0.0555
2023-11-14,5.52,0.0552
2023-11-15,5.53,0.0553
2023-11-16,5.51,0.055099999999999996
2023-11-17,5.5,0.055
2023-11-20,5.54,0.0554
2023-11-21,5.53,0.0553
2023-11-22,5.54,0.0554
2023-11-23,,
2023-11-24,5.54,0.0554
2023-11-27,5.49,0.054900000000000004
2023-11-28,5.47,0.0547
2023-11-29,5.45,0.0545
2023-11-30,5.45,0.0545
2023-12-01,5.43,0.054299999999999994
2023-12-04,5.46,0.0546
2023-12-05,5.45,0.0545
2023-12-06,5.45,0.0545
2023-12-07,5.44,0.054400000000000004
2023-12-08,5.44,0.054400000000000004
2023-12-11,5.47,0.0547
2023-12-12,5.46,0.0546
2023-12-13,5.44,0.054400000000000004
2023-12-14,5.43,0.054299999999999994
2023-12-15,5.44,0.054400000000000004
2023-12-18,5.46,0.0546
2023-12-19,5.43,0.054299999999999994
2023-12-20,5.44,0.054400000000000004
2023-12-21,5.42,0.0542
2023-12-22,5.44,0.054400000000000004
2023-12-25,,
2023-12-26,5.45,0.0545
2023-12-27,5.44,0.054400000000000004
2023-12-28,5.45,0.0545
2023-12-29,5.4,0.054000000000000006
2024-01-01,,
2024-01-02,5.46,0.0546
2024-01-03,5.48,0.0548
2024-01-04,5.48,0.0548
2024-01-05,5.47,0.0547
2024-01-08,5.49,0.054900000000000004
2024-01-09,5.47,0.0547
2024-01-10,5.46,0.0546
2024-01-11,5.46,0.0546
2024-01-12,5.45,0.0545
2024-01-15,,
2024-01-16,5.45,0.0545
2024-01-17,5.47,0.0547
2024-01-18,5.45,0.0545
2024-01-19,5.45,0.0545
2024-01-22,5.46,0.0546
2024-01-23,5.45,0.0545
2024-01-24,5.44,0.054400000000000004
2024-01-25,5.44,0.054400000000000004
2024-01-26,5.44,0.054400000000000004
2024-01-29,5.42,0.0542
2024-01-30,5.42,0.0542
2024-01-31,5.42,0.0542
2024-02-01,5.42,0.0542
2024-02-02,5.43,0.054299999999999994
2024-02-05,5.42,0.0542
2024-02-06,5.44,0.054400000000000004
2024-02-07,5.43,0.054299999999999994
2024-02-08,5.44,0.054400000000000004
2024-02-09,5.44,0.054400000000000004
2024-02-12,5.43,0.054299999999999994
2024-02-13,5.45,0.0545
2024-02-14,5.43,0.054299999999999994
2024-02-15,5.43,0.054299999999999994
2024-02-16,5.44,0.054400000000000004
2024-02-19,,
2024-02-20,5.44,0.054400000000000004
2024-02-21,5.44,0.054400000000000004
2024-02-22,5.45,0.0545
2024-02-23,5.46,0.0546
2024-02-26,5.47,0.0547
2024-02-27,5.45,0.0545
2024-02-28,5.45,0.0545
2024-02-29,5.45,0.0545
2024-03-01,5.42,0.0542
2024-03-04,5.48,0.0548
2024-03-05,5.47,0.0547
2024-03-06,5.47,0.0547
2024-03-07,5.47,0.0547
2024-03-08,5.46,0.0546
2024-03-11,5.48,0.0548
2024-03-12,5.48,0.0548
2024-03-13,5.48,0.0548
2024-03-14,5.48,0.0548
2024-03-15,5.48,0.0548
2024-03-18,5.48,0.0548
2024-03-19,5.48,0.0548
2024-03-20,5.47,0.0547
2024-03-21,5.48,0.0548
2024-03-22,5.46,0.0546
2024-03-25,5.46,0.0546
2024-03-26,5.46,0.0546
2024-03-27,5.45,0.0545
2024-03-28,5.46,0.0546
2024-03-29,,
2024-04-01,5.44,0.054400000000000004
2024-04-02,5.42,0.0542
2024-04-03,5.42,0.0542
2024-04-04,5.41,0.0541
2024-04-05,5.43,0.054299999999999994
2024-04-08,5.43,0.054299999999999994
2024-04-09,5.43,0.054299999999999994
2024-04-10,5.45,0.0545
2024-04-11,5.45,0.0545
2024-04-12,5.45,0.0545
2024-04-15,5.45,0.0545
2024-04-16,5.45,0.0545
2024-04-17,5.45,0.0545
2024-04-18,5.46,0.0546
2024-04-19,5.45,0.0545
2024-04-22,5.42,0.0542
2024-04-23,5.45,0.0545
2024-04-24,5.46,0.0546
2024-04-25,5.47,0.0547
2024-04-26,5.46,0.0546
2024-04-29,5.45,0.0545
2024-04-30,5.46,0.0546
2024-05-01,5.46,0.0546
2024-05-02,5.46,0.0546
2024-05-03,5.45,0.0545
2024-05-06,5.45,0.0545
2024-05-07,5.45,0.0545
2024-05-08,5.45,0.0545
2024-05-09,5.46,0.0546
2024-05-10,5.47,0.0547
2024-05-13,5.45,0.0545
2024-05-14,5.44,0.054400000000000004
2024-05-15,5.45,0.0545
2024-05-16,5.45,0.0545
2024-05-17,5.46,0.0546
2024-05-20,5.45,0.0545
2024-05-21,5.45,0.0545
2024-05-22,5.45,0.0545
2024-05-23,5.46,0.0546
2024-05-24,5.46,0.0546
2024-05-27,,
2024-05-28,5.46,0.0546
2024-05-29,5.46,0.0546
2024-05-30,5.46,0.0546
2024-05-31,5.46,0.0546
2024-06-03,5.52,0.0552
2024-06-04,5.52,0.0552
2024-06-05,5.51,0.055099999999999996
2024-06-06,5.51,0.055099999999999996
2024-06-07,5.52,0.0552
2024-06-10,5.52,0.0552
2024-06-11,5.52,0.0552
2024-06-12,5.51,0.055099999999999996
2024-06-13,5.51,0.055099999999999996
2024-06-14,5.51,0.055099999999999996
2024-06-17,5.52,0.0552
2024-06-18,5.5,0.055
2024-06-19,,
2024-06-20,5.5,0.055
2024-06-21,5.49,0.054900000000000004
2024-06-24,5.5,0.055
2024-06-25,5.49,0.054900000000000004
2024-06-26,5.5,0.055
2024-06-27,5.49,0.054900000000000004
2024-06-28,5.48,0.0548
2024-07-01,5.47,0.0547
2024-07-02,5.47,0.0547
2024-07-03,5.47,0.0547
2024-07-04,,
2024-07-05,5.46,0.0546
2024-07-08,5.46,0.0546
2024-07-09,5.46,0.0546
2024-07-10,5.46,0.0546
2024-07-11,5.44,0.054400000000000004
2024-07-12,5.43,0.054299999999999994
2024-07-15,5.43,0.054299999999999994
2024-07-16,5.43,0.054299999999999994
2024-07-17,5.43,0.054299999999999994
2024-07-18,5.43,0.054299999999999994
2024-07-19,5.43,0.054299999999999994
2024-07-22,5.43,0.054299999999999994
2024-07-23,5.41,0.0541
2024-07-24,5.4,0.054000000000000006
2024-07-25,5.39,0.053899999999999997
2024-07-26,5.38,0.0538
2024-07-29,5.41,0.0541
2024-07-30,5.4,0.054000000000000006
2024-07-31,5.41,0.0541
2024-08-01,5.37,0.0537
2024-08-02,5.29,0.0529
2024-08-05,5.35,0.0535
2024-08-06,5.34,0.053399999999999996
2024-08-07,5.34,0.053399999999999996
2024-08-08,5.34,0.053399999999999996
2024-08-09,5.33,0.0533
2024-08-12,5.33,0.0533
2024-08-13,5.32,0.053200000000000004
2024-08-14,5.32,0.053200000000000004
2024-08-15,5.34,0.053399999999999996
2024-08-16,5.33,0.0533
2024-08-19,5.31,0.053099999999999994
2024-08-20,5.29,0.0529
2024-08-21,5.26,0.0526
2024-08-22,5.28,0.0528
2024-08-23,5.25,0.0525
2024-08-26,5.24,0.0524
2024-08-27,5.23,0.052300000000000006
2024-08-28,5.21,0.0521
2024-08-29,5.22,0.052199999999999996
2024-08-30,5.21,0.0521
2024-09-02,,
2024-09-03,5.19,0.0519
2024-09-04,5.18,0.0518
2024-09-05,5.15,0.051500000000000004
2024-09-06,5.13,0.0513
2024-09-09,5.11,0.051100000000000007
2024-09-10,5.06,0.0506
2024-09-11,5.1,0.051
2024-09-12,5.06,0.0506
2024-09-13,4.97,0.049699999999999994
2024-09-16,4.96,0.0496
2024-09-17,4.95,0.0495
2024-09-18,4.84,0.0484
2024-09-19,4.8,0.048
2024-09-20,4.75,0.0475
2024-09-23,4.72,0.0472
2024-09-24,4.69,0.046900000000000004
2024-09-25,4.69,0.046900000000000004
2024-09-26,4.68,0.046799999999999994
2024-09-27,4.68,0.046799999999999994
2024-09-30,4.73,0.0473
2024-10-01,4.71,0.0471
2024-10-02,4.69,0.046900000000000004
2024-10-03,4.68,0.046799999999999994
2024-10-04,4.73,0.0473
2024-10-07,4.77,0.04769999999999999
2024-10-08,4.75,0.0475
2024-10-09,4.75,0.0475
2024-10-10,4.75,0.0475
2024-10-11,4.73,0.0473
2024-10-14,,
2024-10-15,4.73,0.0473
2024-10-16,4.72,0.0472
2024-10-17,4.74,0.047400000000000005
2024-10-18,4.73,0.0473
2024-10-21,4.73,0.0473
2024-10-22,4.72,0.0472
2024-10-23,4.73,0.0473
2024-10-24,4.7,0.047
2024-10-25,4.73,0.0473
2024-10-28,4.7,0.047
2024-10-29,4.7,0.047
2024-10-30,4.67,0.0467
2024-10-31,4.64,0.0464
2024-11-01,4.61,0.0461
2024-11-04,4.65,0.04650000000000001
2024-11-05,4.64,0.0464
2024-11-06,4.64,0.0464
2024-11-07,4.63,0.0463
2024-11-08,4.63,0.0463
2024-11-11,,
2024-11-12,4.63,0.0463
2024-11-13,4.6,0.046
2024-11-14,4.61,0.0461
2024-11-15,4.6,0.046
2024-11-18,4.63,0.0463
2024-11-19,4.62,0.0462
2024-11-20,4.62,0.0462
2024-11-21,4.63,0.0463
2024-11-22,4.63,0.0463
2024-11-25,4.62,0.0462
2024-11-26,4.61,0.0461
2024-11-27,4.6,0.046
2024-11-28,,
2024-11-29,4.58,0.0458
2024-12-02,4.51,0.0451
2024-12-03,4.49,0.0449
2024-12-04,4.47,0.0447
2024-12-05,4.46,0.0446
2024-12-06,4.42,0.044199999999999996
2024-12-09,4.42,0.044199999999999996
2024-12-10,4.41,0.0441
2024-12-11,4.38,0.0438
2024-12-12,4.35,0.0435
2024-12-13,4.34,0.0434
2024-12-16,4.37,0.0437
2024-12-17,4.38,0.0438
2024-12-18,4.36,0.0436
2024-12-19,4.35,0.0435
2024-12-20,4.34,0.0434
2024-12-23,4.36,0.0436
2024-12-24,4.4,0.044000000000000004
2024-12-25,,
2024-12-26,4.35,0.0435
2024-12-27,4.31,0.0431
2024-12-30,4.37,0.0437
2024-12-31,4.37,0.0437
2025-01-01,,
2025-01-02,4.36,0.0436
2025-01-03,4.34,0.0434
2025-01-06,4.35,0.0435
2025-01-07,4.35,0.0435
2025-01-08,4.35,0.0435
2025-01-09,4.35,0.0435
2025-01-10,4.36,0.0436
2025-01-13,4.37,0.0437
2025-01-14,4.36,0.0436
2025-01-15,4.35,0.0435
2025-01-16,4.34,0.0434
2025-01-17,4.34,0.0434
2025-01-20,,
2025-01-21,4.36,0.0436
2025-01-22,4.36,0.0436
2025-01-23,4.36,0.0436
2025-01-24,4.35,0.0435
2025-01-27,4.32,0.0432
2025-01-28,4.31,0.0431
2025-01-29,4.31,0.0431
2025-01-30,4.3,0.043
2025-01-31,4.31,0.0431
2025-02-03,4.34,0.0434
2025-02-04,4.33,0.0433
2025-02-05,4.33,0.0433
2025-02-06,4.34,0.0434
2025-02-07,4.35,0.0435
2025-02-10,4.35,0.0435
2025-02-11,4.35,0.0435
2025-02-12,4.35,0.0435
2025-02-13,4.34,0.0434
2025-02-14,4.34,0.0434
2025-02-17,,
2025-02-18,4.34,0.0434
2025-02-19,4.34,0.0434
2025-02-20,4.33,0.0433
2025-02-21,4.32,0.0432
2025-02-24,4.31,0.0431
2025-02-25,4.3,0.043
2025-02-26,4.31,0.0431
2025-02-27,4.32,0.0432
2025-02-28,4.32,0.0432
2025-03-03,4.35,0.0435
2025-03-04,4.34,0.0434
2025-03-05,4.35,0.0435
2025-03-06,4.34,0.0434
2025-03-07,4.34,0.0434
2025-03-10,4.33,0.0433
2025-03-11,4.34,0.0434
2025-03-12,4.35,0.0435
2025-03-13,4.34,0.0434
2025-03-14,4.33,0.0433
2025-03-17,4.34,0.0434
2025-03-18,4.34,0.0434
2025-03-19,4.33,0.0433
2025-03-20,4.33,0.0433
2025-03-21,4.33,0.0433
2025-03-24,4.33,0.0433
2025-03-25,4.33,0.0433
2025-03-26,4.33,0.0433
2025-03-27,4.33,0.0433
2025-03-28,4.33,0.0433
2025-03-31,4.32,0.0432
2025-04-01,4.32,0.0432
2025-04-02,4.32,0.0432
2025-04-03,4.31,0.0431
2025-04-04,4.28,0.042800000000000005
2025-04-07,4.29,0.0429
2025-04-08,4.31,0.0431
2025-04-09,4.35,0.0435
2025-04-10,4.34,0.0434
2025-04-11,4.34,0.0434
2025-04-14,4.33,0.0433
2025-04-15,4.33,0.0433
2025-04-16,4.33,0.0433
2025-04-17,4.34,0.0434
2025-04-18,,
2025-04-21,4.34,0.0434
2025-04-22,4.33,0.0433
2025-04-23,4.33,0.0433
2025-04-24,4.32,0.0432
2025-04-25,4.32,0.0432
2025-04-28,4.32,0.0432
2025-04-29,4.31,0.0431
2025-04-30,4.31,0.0431
2025-05-01,4.31,0.0431
2025-05-02,4.33,0.0433
2025-05-05,4.33,0.0433
2025-05-06,4.33,0.0433
2025-05-07,4.34,0.0434
2025-05-08,4.34,0.0434
2025-05-09,4.34,0.0434
2025-05-12,4.42,0.044199999999999996
2025-05-13,4.41,0.0441
2025-05-14,4.41,0.0441
2025-05-15,4.38,0.0438
2025-05-16,4.37,0.0437
2025-05-19,4.39,0.043899999999999995
2025-05-20,4.38,0.0438
2025-05-21,4.36,0.0436
2025-05-22,4.37,0.0437
2025-05-23,4.36,0.0436
2025-05-26,,
2025-05-27,4.35,0.0435
2025-05-28,4.35,0.0435
2025-05-29,4.36,0.0436
2025-05-30,4.36,0.0436
2025-06-02,4.44,0.0444
2025-06-03,4.43,0.0443
2025-06-04,4.44,0.0444
2025-06-05,4.44,0.0444
2025-06-06,4.43,0.0443
2025-06-09,4.44,0.0444
2025-06-10,4.45,0.044500000000000005
2025-06-11,4.45,0.044500000000000005
2025-06-12,4.46,0.0446
2025-06-13,4.45,0.044500000000000005
2025-06-16,4.43,0.0443
2025-06-17,4.42,0.044199999999999996
2025-06-18,4.42,0.044199999999999996
2025-06-19,,
2025-06-20,4.39,0.043899999999999995
2025-06-23,4.38,0.0438
2025-06-24,4.38,0.0438
2025-06-25,4.38,0.0438
2025-06-26,4.39,0.043899999999999995
2025-06-27,4.39,0.043899999999999995
2025-06-30,4.41,0.0441
2025-07-01,4.4,0.044000000000000004
2025-07-02,4.41,0.0441
2025-07-03,4.42,0.044199999999999996
2025-07-04,,
2025-07-07,4.42,0.044199999999999996
2025-07-08,4.42,0.044199999999999996
2025-07-09,4.42,0.044199999999999996
2025-07-10,4.42,0.044199999999999996
2025-07-11,4.41,0.0441
2025-07-14,4.42,0.044199999999999996
2025-07-15,4.42,0.044199999999999996
2025-07-16,4.41,0.0441
2025-07-17,4.41,0.0441
2025-07-18,4.4,0.044000000000000004
2025-07-21,4.41,0.0441
2025-07-22,4.41,0.0441
2025-07-23,4.41,0.0441
2025-07-24,4.42,0.044199999999999996
2025-07-25,4.42,0.044199999999999996
2025-07-28,4.4,0.044000000000000004
2025-07-29,4.4,0.044000000000000004
2025-07-30,4.41,0.0441
2025-07-31,4.41,0.0441
2025-08-01,4.35,0.0435
2025-08-04,4.35,0.0435
2025-08-05,4.34,0.0434
2025-08-06,4.32,0.0432
2025-08-07,4.32,0.0432
2025-08-08,4.32,0.0432
2025-08-11,4.34,0.0434
2025-08-12,4.33,0.0433
2025-08-13,4.29,0.0429
2025-08-14,4.3,0.043
2025-08-15,4.3,0.043
2025-08-18,4.33,0.0433
2025-08-19,4.3,0.043
2025-08-20,4.3,0.043
2025-08-21,4.32,0.0432
2025-08-22,4.27,0.042699999999999995
2025-08-25,4.29,0.0429
2025-08-26,4.28,0.042800000000000005
2025-08-27,4.26,0.0426
2025-08-28,4.26,0.0426
2025-08-29,4.23,0.042300000000000004
2025-09-01,,
2025-09-02,4.2,0.042
2025-09-03,4.18,0.0418
2025-09-04,4.16,0.0416
2025-09-05,4.07,0.0407
2025-09-08,4.1,0.040999999999999995
2025-09-09,4.1,0.040999999999999995
2025-09-10,4.09,0.0409
2025-09-11,4.08,0.0408
2025-09-12,4.08,0.0408
2025-09-15,4.06,0.0406
2025-09-16,4.04,0.0404
2025-09-17,4.02,0.04019999999999999
2025-09-18,4.03,0.0403
2025-09-19,4.03,0.0403
2025-09-22,4.0,0.04
2025-09-23,4.0,0.04
2025-09-24,4.02,0.04019999999999999
2025-09-25,4.04,0.0404
2025-09-26,4.02,0.04019999999999999
2025-09-29,4.04,0.0404
2025-09-30,4.02,0.04019999999999999
2025-10-01,4.01,0.0401
2025-10-02,4.02,0.04019999999999999
2025-10-03,4.03,0.0403
2025-10-06,4.02,0.04019999999999999
2025-10-07,4.01,0.0401
2025-10-08,4.01,0.0401
2025-10-09,4.03,0.0403
2025-10-10,4.02,0.04019999999999999
2025-10-13,,
2025-10-14,4.02,0.04019999999999999
2025-10-15,4.03,0.0403
2025-10-16,4.02,0.04019999999999999
2025-10-17,4.0,0.04
2025-10-20,3.97,0.0397
2025-10-21,3.96,0.039599999999999996
2025-10-22,3.96,0.039599999999999996
2025-10-23,3.95,0.0395
2025-10-24,3.93,0.0393
2025-10-27,3.89,0.038900000000000004
2025-10-28,3.89,0.038900000000000004
2025-10-29,3.93,0.0393
2025-10-30,3.92,0.0392
2025-10-31,3.89,0.038900000000000004
2025-11-03,3.98,0.0398
2025-11-04,3.96,0.039599999999999996
2025-11-05,3.96,0.039599999999999996
2025-11-06,3.93,0.0393
2025-11-07,3.92,0.0392
2025-11-10,3.95,0.0395
2025-11-11,,
2025-11-12,3.95,0.0395
2025-11-13,3.96,0.039599999999999996
2025-11-14,3.95,0.0395
2025-11-17,3.97,0.0397
2025-11-18,3.94,0.0394
2025-11-19,3.95,0.0395
2025-11-20,3.94,0.0394
2025-11-21,3.9,0.039
2025-11-24,3.91,0.0391
2025-11-25,3.9,0.039
2025-11-26,3.92,0.0392
2025-11-27,,
2025-11-28,3.88,0.0388
2025-12-01,3.81,0.0381
2025-12-02,3.77,0.0377
2025-12-03,3.72,0.037200000000000004
2025-12-04,3.71,0.0371
2025-12-05,3.71,0.0371
2025-12-08,3.73,0.0373
2025-12-09,3.73,0.0373
2025-12-10,3.69,0.0369
2025-12-11,3.66,0.0366
2025-12-12,3.63,0.0363
2025-12-15,3.65,0.0365
2025-12-16,3.64,0.0364
2025-12-17,3.64,0.0364
2025-12-18,3.62,0.0362
2025-12-19,3.62,0.0362
2025-12-22,3.64,0.0364
2025-12-23,3.65,0.0365
2025-12-24,3.69,0.0369
2025-12-25,,
2025-12-26,3.64,0.0364
2025-12-29,3.68,0.0368
2025-12-30,3.65,0.0365
2025-12-31,3.67,0.036699999999999997
