gamma,y,x,V_num_t0,V_exact_t0,Vx_num_t0,Vxx_num_t0,pi_num_t0,pi_exact_t0
5.0,-3.0,0.049787068367863944,-36232.27730789277,-36232.27730789277,2826893.831981392,-167418916.06595868,0.025327727879336546,0.01493612051035918
5.0,-2.985,0.050539503549134696,-34121.1359606695,-34122.27373956278,2703410.959641464,-211341003.75900126,0.0191875517165915,0.015161851064740405
5.0,-2.97,0.05130331033191911,-32133.405874205655,-32135.147213173448,2507579.895389593,-245039394.98519716,0.015350061745425112,0.015390993099575728
5.0,-2.955,0.05207866057596569,-30261.721474011858,-30263.74192687545,2326095.4167878847,-223744301.0607656,0.015594332944525934,0.015623598172789703
5.0,-2.94,0.05286572873835037,-28499.207863859454,-28501.318800277906,2157848.9411593108,-204360913.56720084,0.0158385150821642,0.015859718621505106
5.0,-2.925,0.053664691912730135,-26839.43377056189,-26841.531206479685,2001835.3109235158,-186697363.2102142,0.016083531736890606,0.016099407573819037
5.0,-2.91,0.05447572986918986,-25276.371607237383,-25278.402117357433,1857139.0582086283,-170586393.10307252,0.01633019220723981,0.016342718960756956
5.0,-2.895,0.05529902509469138,-23804.363600627017,-23806.3025798082,1722922.8452663412,-155881412.47213665,0.01657916891381429,0.01658970752840741
5.0,-2.88,0.056134762834133725,-22418.092997539345,-22419.931445438553,1598417.8486698503,-142453098.708556,0.016830990654054256,0.016840428850240115
5.0,-2.865,0.056983131132034036,-21112.559395279146,-21114.29628070429,1482915.8706443568,-130186522.1907551,0.017086052907283926,0.017094939339610208
5.0,-2.85,0.057844320874838456,-19883.05731209827,-19884.69538875711,1375762.9194524672,-118978794.34124976,0.017344640199158903,0.017353296262451533
5.0,-2.835,0.058718525833872284,-18725.157242463734,-18726.700878257685,1276353.970439123,-108737208.46323337,0.01760695333930733,0.01761555775016168
5.0,-2.82,0.05960594270893937,-17634.6886045064,-17636.14271818408,1184128.627146038,-99377803.68027931,0.017873135397854713,0.017881782812681806
5.0,-2.805,0.06050677117258039,-16607.724149173264,-16609.0937212159,1098567.4433169519,-90824261.00384954,0.018143292846672147,0.018152031351774112
5.0,-2.79,0.06142121391500013,-15640.565537193617,-15641.855401617959,1019188.7235676044,-83007041.59737226,0.018417510803081103,0.018426364174500033
5.0,-2.775,0.06234947668967343,-14729.729890873195,-14730.94465669699,945545.6759282443,-75862693.04675089,0.018695862972045004,0.018704843006902026
5.0,-2.76,0.06329176835964073,-13871.937194784316,-13873.081223869618,877223.8337393202,-69333269.97969033,0.01897841759078182,0.018987530507892217
5.0,-2.745,0.06424830094450308,-13064.09846033563,-13065.175868173987,813838.6951277722,-63365833.86047654,0.0192652407191486,0.01927449028335092
5.0,-2.73,0.06521928966812753,-12303.304592638779,-12304.319257687048,755033.5474806793,-57912010.41897444,0.019556397939346052,0.019565786900438253
5.0,-2.715,0.06620495300707324,-11586.815911066727,-11587.771486787322,700477.4553774298,-52927591.93852696,0.01985195518221393,0.01986148590212197
5.0,-2.7,0.06720551273974976,-10912.052282165458,-10912.952209535133,649863.3964711053,-48372176.71777299,0.020151979109687176,0.020161653821924922
5.0,-2.685,0.06822119399631812,-10276.58382794764,-10277.431347640048,602906.5330581912,-44208840.76812662,0.020456537286978705,0.020466358198895432
5.0,-2.67,0.069252225309346,-9678.122175563134,-9678.920339554359,559342.6089038991,-40403838.233272485,0.020765698261432056,0.020775667592803793
5.0,-2.6550000000000002,0.07029883866522844,-9114.512216639723,-9115.263899179521,518926.4620350977,-36926327.763509445,0.021079531602431645,0.021089651599568528
5.0,-2.64,0.07136126955638605,-8583.724346551431,-8584.43225450814,481430.6450362016,-33748122.49996081,0.021398107926008055,0.02140838086691581
5.0,-2.625,0.07243975703425146,-8083.847155645719,-8084.513838252437,446644.14505119517,-30843461.59690341,0.02172149891385911,0.021731927110275433
5.0,-2.61,0.0735345437630571,-7613.080546103037,-7613.7084041372045,414371.1962780106,-28188801.41508432,0.022049777330525655,0.022060363128917123
5.0,-2.595,0.07464587607443557,-7169.7292496400405,-7170.32054406876,384430.17826909205,-25762624.68865502,0.022383017040091137,0.022393762822330666
5.0,-2.58,0.07577400402284548,-6752.196722712595,-6752.753582834465,356652.59383727226,-23545266.11739955,0.022721293022913338,0.02273220120685364
5.0,-2.565,0.0769191814418345,-6358.9793972345215,-6359.503828347462,330882.12081471126,-21518752.970199794,0.023064681392523025,0.023075754432550347
5.0,-2.55,0.07808166600115317,-5988.6612661084155,-5989.155156730889,306973.7323284272,-19666659.40761343,0.023413259412749347,0.023424499800345947
5.0,-2.535,0.07926171926473155,-5639.908784070646,-5640.373912742373,284792.8806416622,-17973973.342727054,0.02376710551511695,0.02377851577941946
5.0,-2.52,0.08045960674953244,-5311.466065488001,-5311.90410717458,264214.7399680455,-16426974.76115164,0.024126299316495896,0.024137882024859725
5.0,-2.505,0.08167559798529346,-5002.150361812874,-5002.562893937524,245123.50399734642,-15013124.513878949,0.02449092163700576,0.024502679395588034
5.0,-2.49,0.08290996657517266,-4710.847802410984,-4711.236310534947,227411.73417956982,-13720962.68159323,0.024861054518205663,0.024872989972551794
5.0,-2.475,0.08416299025731036,-4436.509383423963,-4436.875266596117,210979.75509977786,-12540015.686650664,0.025236781241554665,0.025248897077193102
5.0,-2.46,0.08543495096732123,-4178.147190222409,-4178.49176601738,195735.0935410131,-11460711.399821294,0.02561818634714924,0.025630485290196365
5.0,-2.4450000000000003,0.08672613490173112,-3934.8308398461445,-3935.1553491089853,181591.9580785844,-10474301.553690767,0.026005355652749643,0.02601784047051933
5.0,-2.43,0.08803683258237255,-3705.684130620621,-3705.9897419351837,168470.75627705362,-9572790.833852759,0.026398376273084594,0.02641104977471176
5.0,-2.415,0.08936733892175319,-3489.881886884481,-3490.1697007815965,156297.64677288136,-8748872.07313637,0.026797336639450435,0.026810201676525952
5.0,-2.4,0.09071795328941251,-3286.646987465881,-3286.918040386456,145004.1237220216,-7995867.023587689,0.027202326519612238,0.027215385986823746
5.0,-2.385,0.0920889795792812,-3095.2475672068813,-3095.5028352342015,134526.63127388532,-7307672.226138667,0.027613437038000895,0.02762669387378435
5.0,-2.37,0.09348072627805847,-2914.9943814583685,-2915.234783833061,124806.20590206998,-6678709.539208519,0.028030760696218376,0.028044217883417533
5.0,-2.355,0.09489350653462311,-2745.238324054846,-2745.4647264851196,115788.14457902589,-6103880.925250986,0.028454391393848685,0.028468051960386927
5.0,-2.34,0.09632763823049303,-2585.3680898311154,-2585.5813076102645,107421.69692726016,-5578527.128769224,0.028884424449584143,0.028898291469147904
5.0,-2.325,0.09778344405135005,-2434.8079732634,-2435.008774205736,99659.77961462541,-5098389.910864094,0.02932095662267659,0.029335033215405006
5.0,-2.31,0.09926125155964566,-2293.015795307615,-2293.2049025134165,92458.71138640703,-4659577.534211004,0.02976408613470883,0.029778375467893692
5.0,-2.295,0.10076139326830373,-2159.480950969193,-2159.6590454286593,85777.96724307019,-4258533.218704188,0.030213912691693594,0.030228417980491112
5.0,-2.2800000000000002,0.10228420671553744,-2033.7225705735727,-2033.890293619128,79579.95038026296,-3892006.3120868574,0.030670537506499923,0.030685262014661225
5.0,-2.265,0.10383003454079692,-1915.2877881159802,-1915.445743731748,73829.78060763903,-3557025.941888888,0.03113406332163261,0.03114901036223907
5.0,-2.25,0.10539922456186433,-1803.7501104546523,-1803.8988674514633,68495.09805580304,-3250876.9351114263,0.03160459443235828,0.031619767368559294
5.0,-2.235,0.10699212985311449,-1698.7078814748634,-1698.8479755385802,63545.88106670611,-2971077.8104771366,0.03208223671016934,0.032097638955934336
5.0,-2.2199999999999998,0.10860910882495801,-1599.782835693063,-1599.9147713136354,58954.27724264578,-2715360.664862186,0.03256709762658982,0.0325827326474874
5.0,-2.205,0.11025052530448522,-1506.618736092564,-1506.742988380738,54694.44670307236,-2481652.790876432,0.0330592862773661,0.03307515759134556
5.0,-2.19,0.11191674861732888,-1418.8800912855045,-1418.997107683722,50742.416667119636,-2268059.876597378,0.0335589134070251,0.033575024585198655
5.0,-2.175,0.11360815367076377,-1336.250947381469,-1336.3611492751577,47075.94654348962,-2072850.6512848567,0.03406609143377713,0.034082446101229125
5.0,-2.16,0.11532512103806251,-1258.4337502122203,-1258.5375344472309,43674.402768473396,-1894442.8526189418,0.03458093447482178,0.03459753631141874
5.0,-2.145,0.11706803704412637,-1185.148273815289,-1185.2460141269667,40518.64268774111,-1731390.401722548,0.035103558372013656,0.0351204111132379
5.0,-2.13,0.11883729385240965,-1116.1306113178332,-1116.222659676872,37590.90682842591,-1582371.6820134665,0.03563408071793273,0.035651188155722886
5.0,-2.115,0.12063328955315826,-1051.1322245868419,-1051.2189124667605,34874.71895525604,-1446178.8268821575,0.03617262088234591,0.03618998686594747
5.0,-2.1,0.1224564282529819,-989.9190492233996,-990.0006887941989,32354.79334827789,-1321707.9293667881,0.03671930003905471,0.03673692847589456
5.0,-2.085,0.12430712016577938,-932.2706516780374,-932.3475369303534,30016.948780370753,-1207950.0944686302,0.03727424119318648,0.037292136049733804
5.0,-2.0700000000000003,0.12618578170503872,-877.9794354518509,-878.0518432556383,27848.028710446728,-1103983.2615860507,0.03783756920884631,0.037855734511511606
5.0,-2.055,0.12809283557753198,-826.8498935248741,-826.918084626436,25835.827243207626,-1008964.7307809581,0.03840941083720071,0.038427850673259586
5.0,-2.04,0.1300287108784259,-778.6979043196386,-778.7621242805953,23969.020438795516,-922124.332299551,0.038989894745032935,0.03900861326352777
5.0,-2.025,0.13199384318783022,-733.3500686646166,-733.4105487461931,22237.10258576846,-842758.1839859169,0.03957915154367706,0.03959815295634906
5.0,-2.01,0.13398867466880499,-690.6430853699094,-690.7000433657263,20630.327078766586,-770222.9859872763,0.040177313818392166,0.04019660240064149
5.0,-1.995,0.13601365416684916,-650.4231631665791,-650.476804186944,19139.65156815324,-703930.8065065014,0.040784516158215184,0.04080409625005474
5.0,-1.98,0.13806923731089282,-612.5454668919651,-612.5959841024898,17756.687072952293,-643344.3163394235,0.041400895186234916,0.041420771193267834
5.0,-1.965,0.14015588661581535,-576.8735959266571,-576.9211712438656,16473.650770705866,-587972.4335696378,0.042026589590330087,0.0420467659847446
5.0,-1.95,0.1422740715865136,-543.2790930049368,-543.3238977513571,15283.322198573593,-537366.3431190824,0.042661740154388714,0.04268222147595407
5.0,-1.935,0.14442426882354198,-511.64098162986824,-511.68317715098306,14179.002619187288,-491115.8588916424,0.04330648978996525,0.04332728064706259
5.0,-1.92,0.14660696213035015,-481.84533042724,-481.88506867250186,13154.477322586581,-448846.09902235336,0.04396098356843955,0.043982088639105035
5.0,-1.905,0.14882264262214037,-453.78484286955774,-453.82226693957267,12203.980652086346,-410214.4472838984,0.0446253687536764,0.0446467927866421
5.0,-1.8900000000000001,0.15107180883637084,-427.3584708926507,-427.39371555449304,11322.163557252738,-374907.77602154156,0.0452997948351524,0.04532154265091124
5.0,-1.875,0.15335496684492847,-402.471051013495,-402.5042431860161,10504.063491387786,-342639.9081067516,0.045984413561577196,0.04600649005347853
5.0,-1.86,0.1556726303679973,-379.0329616388864,-379.06422084975947,9745.076484116593,-313149.2973372366,0.04667937897504809,0.04670178911039918
5.0,-1.845,0.1580253208896478,-356.9598003309023,-356.98923914705034,9040.931231912728,-286196.90848227974,0.04738484744571851,0.04740759626689433
5.0,-1.83,0.16041356777517274,-336.1720798669586,-336.19980429991796,8387.665060751397,-261564.27979017826,0.048100977706970235,0.04812407033255181
5.0,-1.815,0.16283790839019696,-316.59494199995316,-316.62105188762774,7781.601625617663,-239051.75225324777,0.04882793089113576,0.04885137251705908
5.0,-1.8,0.16529888822158653,-298.1578878877182,-298.182477253906,7219.330221370474,-218476.85127796733,0.0495658705657471,0.049589666466475946
5.0,-1.7850000000000001,0.16779706100018585,-280.7945242210417,-280.81768161402084,6697.686588531335,-199672.80764280478,0.05031496277034008,0.050339118300055746
5.0,-1.77,0.17033298882540943,-264.4423241360403,-264.4641329474382,6213.7351059800285,-182487.20575542375,0.051075376053825186,0.051099896647622815
5.0,-1.7550000000000001,0.17290724229171636,-249.0424020499129,-249.06294081500693,5764.752270344032,-166780.7482528772,0.051847281512402435,0.0518721726875149
5.0,-1.74,0.17552040061699686,-234.53930160923716,-234.55864428976628,5348.211369109449,-152426.12693117937,0.05263085282804738,0.05265612018509905
5.0,-1.725,0.1781730517728984,-220.88079598719864,-220.89901223770548,4961.768261199578,-139306.99085251865,0.05342626630761656,0.05345191553186951
5.0,-1.71,0.1808657926171221,-208.01769981060184,-208.0348552292638,4603.2481849996775,-127317.00326639898,0.05423370092250531,0.05425973778513662
5.0,-1.695,0.18359922902771786,-195.90369203939957,-195.91984840425448,4270.633519587221,-116358.97970044908,0.05505333834889328,0.055079768708315345
5.0,-1.6800000000000002,0.18637397603940994,-184.49514916091735,-184.51036465232946,3962.0524302934027,-106344.10023459094,0.055885363008666235,0.05591219281182297
5.0,-1.665,0.18919065798198204,-173.75098809808773,-173.76531750826058,3675.7683346969043,-97191.18957399289,0.056729962110894226,0.056757197394594595
5.0,-1.6500000000000001,0.19204990862075408,-163.63251826599793,-163.64601319628605,3410.1701297678314,-88826.05908527726,0.05758732569392566,0.057614972586226214
5.0,-1.635,0.1949523712991825,-154.10330224399345,-154.116011290722,3163.763125164305,-81180.90546279121,0.05845764666817611,0.05848571138975474
5.0,-1.62,0.19789869908361465,-145.12902456160697,-145.1409934910717,2935.160631657609,-74193.76115100142,0.05934112085955339,0.059369609725084385
5.0,-1.605,0.20088955491023208,-136.67736812579886,-136.68864003907353,2723.0761573483437,-67807.99206845688,0.060237947053480255,0.060266866473069614
5.0,-1.59,0.20392561173421342,-128.71789784451562,-128.72851333266343,2526.31616775652,-61971.838561987715,0.0611483270396171,0.06117768352026401
5.0,-1.575,0.20700755268115265,-121.22195102748528,-121.23194831772943,2343.773369042614,-56637.99587039341,0.062072465657311046,0.06210226580434578
5.0,-1.56,0.21013607120076472,-114.16253416957235,-114.17194926295629,2174.4204765596282,-51763.23069721303,0.06301057084165053,0.0630408213602294
5.0,-1.5450000000000002,0.21331187122291517,-107.51422574500312,-107.52309254603257,2017.304433667631,-47308.030784575174,0.0639628536702496,0.06399356136687454
5.0,-1.53,0.21653566731600707,-101.25308466241448,-101.26143510115027,1871.5410482768498,-43236.28464779496,0.06492952841077307,0.0649607001948021
5.0,-1.5150000000000001,0.21980818484776168,-95.3565640510652,-95.36442819810651,1736.3100169353636,-39514.98887488306,0.06591081256911406,0.06594245545432849
5.0,-1.5,0.22313016014842982,-89.80343006774793,-89.81083624251835,1610.8503084588006,-36113.98061840358,0.06690692693834126,0.06693904804452894
5.0,-1.485,0.22650234067646874,-84.57368543201832,-84.58066030474666,1494.4558811229817,-33005.693111439134,0.06791809564840036,0.06795070220294061
5.0,-1.47,0.22992548518672384,-79.64849741438574,-79.65506610214746,1386.4717093172462,-30164.93222603419,0.06894454621651538,0.06897764555601714
5.0,-1.455,0.23340036390115132,-75.01013001814522,-75.01631617531143,1286.2900972978914,-27568.672262965967,0.0699865095983864,0.07002010917034537
5.0,-1.44,0.23692775868212176,-70.64188011063241,-70.64770601405068,1193.347259297039,-25195.869317646935,0.07104422024017426,0.07107832760463652
5.0,-1.425,0.24050846320834213,-66.52801727390414,-66.53350390311958,1107.1201467408573,-23027.290709416324,0.0721179161312364,0.07215253896250262
5.0,-1.4100000000000001,0.24414328315343706,-62.653727158243214,-62.65889427104721,1027.1235047219398,-21045.359091641447,0.07320783885768054,0.0732429849460311
5.0,-1.395,0.24783303636722875,-59.0050581344977,-59.009924338077504,952.9071411607368,-19234.009979082042,0.07431423365671572,0.07434991091016861
5.0,-1.3800000000000001,0.25157855305975646,-55.56887105314673,-55.57345387109142,884.0533932878377,-17578.561537700527,0.07543734947183979,0.07547356591792692
5.0,-1.365,0.2553806759880777,-52.332791929169986,-52.33710786457414,820.1747771894525,-16065.595581514051,0.07657743900884602,0.07661420279642328
5.0,-1.35,0.2592402606458915,-49.285167382336276,-49.289231977229164,760.9118071884866,-14682.848811902557,0.07773475879268656,0.07777207819376744
5.0,-1.335,0.2631581754560287,-46.41502267244755,-46.41885056376105,705.9309727896033,-13419.113417820552,0.07890956922520623,0.0789474526368086
5.0,-1.32,0.26713530196585034,-43.712022178419886,-43.715627150697394,654.9228618031316,-12264.146231237602,0.08010213464370625,0.08014059058975509
5.0,-1.3050000000000002,0.27117253504559985,-41.16643217888395,-41.16982721391944,607.6004190855091,-11208.585701454103,0.0813127233804374,0.08135176051367994
5.0,-1.29,0.27527078308975234,-38.769085800274254,-38.772283123860944,563.6973310970825,-10243.87601534392,0.08254160782296777,0.08258123492692568
5.0,-1.2750000000000001,0.2794309682214073,-36.511350006182994,-36.51436113213936,522.9665271861081,-9362.19774847564,0.08378906447547389,0.08382929046642217
5.0,-1.26,0.2836540264997704,-34.385094509104185,-34.387930280736015,485.1787891647712,-8556.404485007568,0.08505537402098551,0.0850962079499311
5.0,-1.245,0.2879409081307702,-32.382662492616845,-32.38533312176504,450.1214613523941,-7819.964892642085,0.08634082138448976,0.08638227243923105
5.0,-1.23,0.2922925776808594,-30.49684303857542,-30.499358142389553,417.5972538263766,-7146.909783112551,0.087645695797039,0.08768777330425781
5.0,-1.215,0.29671001429404525,-28.720845160016022,-28.723213795586478,387.42313214610886,-6531.783729106978,0.08897029086090325,0.08901300428821356
5.0,-1.2000000000000002,0.301194211912202,-27.04827334626792,-27.05050404324117,359.4292873015587,-5969.60084547772,0.09031490461556858,0.09035826357366059
5.0,-1.185,0.30574617949871175,-25.473104532207273,-25.475205323501836,333.4581800897348,-5455.804376303495,0.09167983960478748,0.0917238538496135
5.0,-1.1700000000000002,0.310366941265485,-23.989666408717,-23.99164485945068,309.36365454122574,-4986.229760242805,0.09306540294469738,0.09311008237964548
5.0,-1.155,0.3150575369034133,-22.592616996247077,-22.594480230979507,287.0101154074204,-4557.070874813491,0.0944719063928867,0.09451726107102397
5.0,-1.1400000000000001,0.31981902181630384,-21.27692540791819,-21.27868013630695,266.27176507964026,-4164.849185983486,0.09589966641856788,0.09594570654489112
5.0,-1.125,0.32465246735834974,-20.03785373289492,-20.039506273857516,247.03189564584252,-3806.385553021774,0.09734900427377804,0.0973957402075049
5.0,-1.11,0.32955896107518906,-18.870939974789174,-18.872496279258055,229.18223210082513,-3478.774460072604,0.09882024606563969,0.0988676883225567
5.0,-1.095,0.3345396069486076,-17.771981983653678,-17.773447656005924,212.62232301377747,-3179.3604655854524,0.10031372282976954,0.10036188208458227
5.0,-1.08,0.3395955256449391,-16.737022323703286,-16.73840264194249,197.2589752240773,-2905.7166787167926,0.10182977060474614,0.10187865769348171
5.0,-1.0650000000000002,0.3447278547672201,-15.762334022271585,-15.763633957034326,183.0057293839836,-2655.625088242008,0.10336873050770007,0.10341835643016602
5.0,-1.05,0.3499377491111553,-14.844407148683738,-14.845631381139254,169.78237339679634,-2427.058584533075,0.10493094881110557,0.10498132473334658
5.0,-1.0350000000000001,0.35522638092495146,-13.979936174714831,-13.981089113422298,157.51449101228,-2218.164528884929,0.106516777020681,0.10656791427748541
5.0,-1.02,0.3605949401730783,-13.165808071117883,-13.16689386790196,146.13304303900085,-2027.2497370104093,0.10812657195445265,0.10817848205192347
5.0,-1.0050000000000001,0.36604463480401533,-12.399091097356067,-12.400113662257997,135.57397881680302,-1852.7667549868854,0.10976069582306594,0.10981339044120457
5.0,-0.9900000000000002,0.3715766910220456,-11.677024244170152,-11.677987259528082,125.77787576293304,-1693.3013164162114,0.11141951631131043,0.11147300730661365
5.0,-0.9750000000000001,0.3771923535631569,-10.997007290962877,-10.997914224672256,116.6896049633038,-1547.5608791334103,0.1131034066607899,0.11315770606894704
5.0,-0.96,0.38289288597511206,-10.356591442196233,-10.357445560198034,108.25802092695803,-1414.3641485458857,0.11481274575390492,0.1148678657925336
5.0,-0.9450000000000003,0.3886795709017529,-9.753470509082556,-9.754274887124161,100.43567375780506,-1292.6315026857114,0.11654791819918783,0.11660387127052585
5.0,-0.9300000000000002,0.3945537103716011,-9.18547260481386,-9.186230139525033,93.17854212382369,-1181.376241368381,0.1183093144177703,0.1183661131114803
5.0,-0.915,0.4005166260908188,-8.650552323423412,-8.651265742747357,86.44578552096884,-1079.696588525158,0.12009733073119905,0.12015498782724561
5.0,-0.8999999999999999,0.40656965974059917,-8.146783374114982,-8.147455247131848,80.19951443763344,-986.7683828842448,0.12191236945069622,0.12197089792217972
5.0,-0.8850000000000002,0.4127141732790496,-7.672351644535307,-7.672984390713676,74.40457712622614,-901.8383977575338,0.12375483896766341,0.12381425198371485
5.0,-0.8700000000000001,0.41895154924763894,-7.225548668010143,-7.2261445659196815,69.02836178188666,-824.2182357855114,0.1256251538455103,0.12568546477429166
5.0,-0.855,0.42528319108227414,-6.804765471218862,-6.805326666735699,64.04061301507684,-753.2787491536058,0.12752373491293972,0.12758495732468222
5.0,-0.8399999999999999,0.43171052342907973,-6.4084867801526295,-6.409015294186794,59.413261585225115,-688.4449400536145,0.12945100935871096,0.1295131570287239
5.0,-0.8250000000000002,0.4382349924649492,-6.035285563491264,-6.035783299264148,55.1202664372273,-629.1913000571835,0.131407410827719,0.13147049773948472
5.0,-0.81,0.4448580662229411,-5.683817893749095,-5.684286643647097,51.137468151831975,-575.0375506236696,0.13339337951852803,0.1334574198668823
5.0,-0.7949999999999999,0.4515812349225923,-5.352818107684422,-5.3532595597134796,47.442452985195345,-525.5447502169445,0.1354093622825015,0.13547437047677766
5.0,-0.7800000000000002,0.4584060113052234,-5.041094248544743,-5.041509992408993,44.01442673246371,-480.3117364787798,0.13745581272426888,0.137521803391567
5.0,-0.7650000000000001,0.46533393097431336,-4.747523773734977,-4.747915306561381,40.83409770552884,-438.9718746197671,0.13953319130376712,0.13960017929229399
5.0,-0.75,0.4723665527410147,-4.471049512451651,-4.471418244181294,37.883568166407734,-401.19008567200717,0.14164196543996635,0.14170996582230438
5.0,-0.7349999999999999,0.47950545897489416,-4.210675858726114,-4.211023117191492,35.14623360526835,-366.66013051724576,0.14378260961597206,0.14385163769246823
5.0,-0.7200000000000002,0.48675225595997157,-3.965465186167655,-3.9657922218743407,32.60668929626959,-335.1021276753227,0.14595560548571881,0.14602567678799144
5.0,-0.7050000000000001,0.49410857425614163,-3.734534471495758,-3.734842462125528,30.25064360535303,-306.2602847332381,0.14816144198244102,0.14823257227684244
5.0,-0.69,0.5015760690660556,-3.517052114702502,-3.517342169354293,28.06483756211264,-279.90082502775914,0.15040061542867533,0.15047282071981663
5.0,-0.6750000000000003,0.5091564206075491,-3.3122349443942993,-3.312508107578158,26.036970243118777,-255.8100927760027,0.15267362964789913,0.15274692618226468
5.0,-0.6600000000000001,0.5168513344916992,-3.11934539752895,-3.1196026529273864,24.15562954678386,-233.79282129509122,0.1549809960779003,0.15505540034750973
5.0,-0.645,0.5246625421065929,-2.9376888633920255,-2.9379311374023422,22.41022797019449,-213.67055027412565,0.15732323388583683,0.15739876263197783
5.0,-0.6299999999999999,0.5325918010068973,-2.7666111822480315,-2.766839347318357,20.790943026485973,-195.28017926960152,0.1597008700850963,0.15977754030206914
5.0,-0.6150000000000002,0.5406408953093165,-2.605496289658784,-2.6057111674298232,19.28866196745042,-178.47264569985234,0.16211443965387218,0.1621922685927949
5.0,-0.6000000000000001,0.5488116360940264,-2.453763997985994,-2.453966362249815,17.89493050029538,-163.11171662296906,0.16456448565549076,0.16464349082820787
5.0,-0.585,0.5571058618121739,-2.3108679070891016,-2.311058486575632,16.601905209951013,-149.07288450484967,0.1670515593606587,0.16713175854365214
5.0,-0.5700000000000003,0.565525438699537,-2.1762934366945785,-2.176472917695821,15.40230941917617,-136.24235802729774,0.16957622037145892,0.16965763160986105
5.0,-0.5550000000000002,0.574072261196436,-2.049555973351131,-2.0497250021925533,14.289392238057777,-124.51613975603836,0.17213903674721992,0.17222167835893074
5.0,-0.54,0.5827482523739896,-1.9301991252978377,-1.9303583106658426,13.256890572451882,-113.79918319264834,0.17474058513244628,0.17482447571219686
5.0,-0.5249999999999999,0.5915553643668151,-1.8177930789608425,-1.8179429940946947,12.298993877562552,-104.00462237815516,0.17738145088653953,0.1774666093100445
5.0,-0.5100000000000002,0.6004955788122658,-1.7119330511602335,-1.712074235916345,11.410311458303399,-95.0530678037472,0.18006222821543025,0.1801486736436797
5.0,-0.4950000000000001,0.6095709072963093,-1.612237831453377,-1.6123707942493644,10.58584213242107,-86.87196292154445,0.18278352030530243,0.18287127218889274
5.0,-0.48,0.6187833918061408,-1.5183484093655697,-1.518473629011117,9.820946085656004,-79.39499603972594,0.18554593945836356,0.18563501754184222
5.0,-0.4650000000000003,0.6281351051896407,-1.4299266815645515,-1.4300446089856373,9.111318760551285,-72.56156283519319,0.1883501072305775,0.18844053155689217
5.0,-0.4500000000000002,0.6376281516217732,-1.3466542343233114,-1.3467652941860275,8.452966631964564,-66.31627512710446,0.19119665457151952,0.19128844548653193
5.0,-0.43500000000000005,0.6472646670780345,-1.2682311968867475,-1.2683357891265576,7.842184732957685,-60.608511929684155,0.19408622196637762,0.1941794001234103
5.0,-0.41999999999999993,0.6570468198150569,-1.1943751616130411,-1.1944736628749815,7.27553580458674,-55.392009145422904,0.19701945957997236,0.197114045944517
5.0,-0.40500000000000025,0.6669768108584743,-1.1248201670011173,-1.1249129319961275,6.749830952255451,-50.6244845728331,0.19999702740314856,0.20009304325754224
5.0,-0.3900000000000001,0.6770568744981647,-1.0593157399419653,-1.0594031027242221,6.262111699773832,-46.26729518938781,0.2030195954012723,0.20311706234944935
5.0,-0.375,0.6872892787909722,-0.9976259937448985,-0.9977082689147825,5.80963334012706,-42.285123931730226,0.2060878436648349,0.20618678363729162
5.0,-0.3600000000000003,0.6976763260710308,-0.9395287786906868,-0.9396062625276798,5.389849489260079,-38.64569343426969,0.20920246256264127,0.2093028978213092
5.0,-0.3450000000000002,0.7082203534677999,-0.8848148820526137,-0.8848878535822188,5.0003977559523225,-35.31950440601074,0.21236415289711752,0.2124661060403399
5.0,-0.33000000000000007,0.7189237334319262,-0.8332872747046816,-0.8333559967032248,4.6390864471366795,-32.27959652497792,0.21557362606191302,0.2156771200295778
5.0,-0.31499999999999995,0.7297888742690568,-0.7847604016039443,-0.7848251215448492,4.303882233846127,-29.501329912148986,0.21883160420203993,0.21893666228071698
5.0,-0.30000000000000027,0.7408182206817177,-0.739059513591926,-0.7391204645368871,3.9928987083759515,-26.962185413688694,0.22213882037630137,0.22224546620451524
5.0,-0.28500000000000014,0.7520142543193825,-0.6960200381089016,-0.6960774395471543,3.7043857682654675,-24.641582072636567,0.225496018722294,0.2256042762958147
5.0,-0.27,0.7633794943368531,-0.6554869865549207,-0.6555410451936436,3.43671976735647,-22.520710310602052,0.22890395462384025,0.2290138483010559
5.0,-0.2549999999999999,0.774916497961081,-0.6173143961634394,-0.6173653066721224,3.1883943785015525,-20.582379467318198,0.23236339488086796,0.23247494938832425
5.0,-0.2400000000000002,0.7866278610665532,-0.5813648043777034,-0.5814127500891687,2.958012116501389,-18.810878462269592,0.2358751178820142,0.23598835831996592
5.0,-0.2250000000000001,0.798516218759377,-0.5475087538370658,-0.5475539074076611,2.744276473565078,-17.19184844901509,0.23943991377980317,0.23955486562781303
5.0,-0.20999999999999996,0.8105842459701871,-0.5156243261906578,-0.5156668502220086,2.545984623034689,-15.71216643001052,0.24305858466835725,0.24317527379105608
5.0,-0.19500000000000028,0.8228346580560182,-0.4855967030596373,-0.48563675068418904,2.362020650313096,-14.359838888558697,0.24673194476384955,0.2468503974168054
5.0,-0.18000000000000016,0.8352702114112719,-0.4573177525670084,-0.45735546799946514,2.1913492729014954,-13.1239045757245,0.2504608205878229,0.2505810634233815
5.0,-0.16500000000000004,0.8478937040879158,-0.4306856399460658,-0.43072115900272195,2.0330100142051744,-11.994345664277363,0.25424605115309457,0.25436811122637465
5.0,-0.1499999999999999,0.8607079764250579,-0.40560446082524043,-0.40563791141306516,1.8861117983195832,-10.962006549505585,0.25808848815247026,0.2582123929275173
5.0,-0.13500000000000023,0.8737159116880342,-0.3819838958687731,-0.38201539844601473,1.7498279353784352,-10.018519638741036,0.2619889961504818,0.2621147735064102
5.0,-0.1200000000000001,0.8869204367171574,-0.35973888552954925,-0.35976855353951187,1.623391469243086,-9.15623752809796,0.26594845277790347,0.26607613101514715
5.0,-0.10499999999999998,0.9003245225862656,-0.3387893237428532,-0.33881726402241796,1.5060908613516124,-8.368171016680105,0.269967748929166,0.27009735677587965
5.0,-0.0900000000000003,0.913931185271228,-0.31905976945801107,-0.319086082622364,1.3972659864379047,-7.647932455827188,0.2740477889628756,0.27417935558136836
5.0,-0.07500000000000018,0.9277434863285527,-0.3004791749691219,-0.30050395577407557,1.2963044175861953,-6.98968397422763,0.27818949090529627,0.27832304589856577
5.0,-0.06000000000000005,0.9417645335842486,-0.28298063006657515,-0.2830039677497939,1.202637979714529,-6.388090159236523,0.2823937866567923,0.2825293600752745
5.0,-0.04499999999999993,0.9559974818331,-0.26650112108802493,-0.2665230996903763,1.1157395520914923,-5.8382748108507805,0.28666162220160235,0.28679924454992994
5.0,-0.03000000000000025,0.9704455335485079,-0.25098130400114316,-0.25100200266933576,1.0351201018920198,-5.3357814178201695,0.2909939578207735,0.2911336600645523
5.0,-0.015000000000000124,0.9851119396030625,-0.23636529070100307,-0.23638478397259918,0.960325932098072,-4.87653703553658,0.29539176830810354,0.2955335818809187
5.0,0.0,1.0,-0.2226004477525354,-0.22261880582436816,0.8909361282563829,-4.456819272907192,0.29985604318948184,0.29999999999999993
5.0,0.01499999999999968,1.0151130646157187,-0.20963720685331136,-0.20965449583426873,0.8265601897246364,-4.073226120627918,0.30438778694560265,0.3045339193847155
5.0,0.029999999999999805,1.0304545339535167,-0.19742888633411343,-0.19744516848320082,0.7668358320755189,-3.722648376303119,0.30898801923795177,0.30913636018605495
5.0,0.04499999999999993,1.046027859908717,-0.18593152305450408,-0.1859468570050449,0.7114269482913975,-3.402244442902482,0.31365777513819965,0.313808357972615
5.0,0.06000000000000005,1.0618365465453596,-0.17510371408803405,-0.1751181550588131,0.6600217172759464,-3.1094172962843123,0.31839810536108715,0.3185509639636078
5.0,0.07499999999999973,1.0778841508846313,-0.16490646762698705,-0.16492006762109743,0.6123308490381445,-2.841793435095875,0.3232100765009434,0.32336524526538934
5.0,0.08999999999999986,1.0941742837052102,-0.1553030625697555,-0.15531587056186552,0.5680859566731764,-2.5972036424331684,0.32809477127155673,0.32825228511156296
5.0,0.10499999999999998,1.1107106103557052,-0.14625891628521104,-0.14627097839792677,0.5270380459782632,-2.3736654033201465,0.3330532887497997,0.3332131831067115
5.0,0.1200000000000001,1.1274968515793757,-0.13774146007787952,-0.13775281974783515,0.48895611420365254,-2.169366835493604,0.33808674462315985,0.3382490554738126
5.0,0.1349999999999998,1.1445367843513143,-0.12972002190545778,-0.12973072003973515,0.4536258500529607,-1.9826520032503312,0.34319627144044407,0.34336103530539425
5.0,0.1499999999999999,1.161834242728283,-0.12216571592633198,-0.12217579104976989,0.4208484276168927,-1.8120074953110445,0.34838301886658374,0.34855027281848483
5.0,0.16500000000000004,1.1793931187113906,-0.11505133847934783,-0.11506082687327314,0.3904393874531843,-1.656050157910143,0.353648153941696,0.3538179356134171
5.0,0.17999999999999972,1.19721736312181,-0.10835127012124658,-0.10836020595412615,0.3622275985158014,-1.5135158836873235,0.3589928613434694,0.3591652089365429
5.0,0.19499999999999984,1.2153109864897307,-0.10204138336899672,-0.1020497988194807,0.33605429509147117,-1.3832493655052096,0.36441834365353126,0.36459329594691914
5.0,0.20999999999999996,1.2336780599567432,-0.09609895581479468,-0.09610688118759465,0.3117721833238443,-1.26419473214195,0.3699258216282896,0.3701034179870229
5.0,0.2250000000000001,1.2523227161918644,-0.09050258830085348,-0.09051005213587184,0.28924461229712656,-1.1553869899600473,0.3755165344736075,0.37569681485755924
5.0,0.23999999999999977,1.2712491503214045,-0.08523212785932058,-0.08523915703442544,0.26834480501428876,-1.0559442011811286,0.3811917401233858,0.3813747450964213
5.0,0.2549999999999999,1.2904616208728898,-0.08026859513982607,-0.0802752149676402,0.24895514494211113,-0.9650603353657868,0.38695271552283245,0.38713848626186687
5.0,0.27,1.3099644507332473,-0.07559411606332124,-0.07560035038237496,0.23096651410802468,-0.8819987361590245,0.3928007569157922,0.3929893352199741
5.0,0.2849999999999997,1.3297620281214733,-0.07119185745608725,-0.07119772871666322,0.214277679023734,-0.8060861503455792,0.39873718013615006,0.3989286084364419
5.0,0.2999999999999998,1.349858807576003,-0.06704596643212829,-0.06705149577710615,0.19879472097986856,-0.7367072708161322,0.4047633209041936,0.4049576422728008
5.0,0.31499999999999995,1.3702593109569965,-0.0631415133056585,-0.06314672064665258,0.18443050750557427,-0.673299749214886,0.41088053512711,0.41107779328709887
5.0,0.33000000000000007,1.3909681284637803,-0.059464437828107106,-0.0594693419171696,0.17110420201856613,-0.6153496378427687,0.4170901992038366,0.417290438539134
5.0,0.34499999999999975,1.4119899196676586,-0.05600149855603683,-0.05600611705318551,0.15874080890616923,-0.5623872238698893,0.42339371033496637,0.4235969759002975
5.0,0.3599999999999999,1.4333294145603401,-0.05274022516764502,-0.05274457470445804,0.14727075147722324,-0.5139832220927812,0.429792486837164,0.42999882436810194
5.0,0.375,1.4549914146182013,-0.04966887355613549,-0.04967296979564348,0.13662948040970554,-0.4697452953767477,0.4362879684621168,0.4364974243854603
5.0,0.3899999999999997,1.476980793882642,-0.04677638353824895,-0.04678024123133872,0.1267571104905596,-0.42931487457927414,0.4428816167205273,0.4430942381647925
5.0,0.4049999999999998,1.4993025000567666,-0.044052339025656945,-0.04405597206419032,0.11759808360344506,-0.3923642521788268,0.4495749152111123,0.4497907500170299
5.0,0.41999999999999993,1.5219615556186337,-0.04148693051579301,-0.041490351982632866,0.1091008560678164,-0.35859392605186496,0.4563693699542891,0.45658846668559
5.0,0.43500000000000005,1.5449630589513386,-0.03907091976704795,-0.03907414198317052,0.10121760856978484,-0.3277301718676276,0.46326650973106287,0.46348891768540146
5.0,0.44999999999999973,1.5683121854901685,-0.03679560653112155,-0.03679864109998534,0.09390397705237141,-0.2995228244240853,0.4702678864269902,0.4704936556470504
5.0,0.46499999999999986,1.592014188887101,-0.034652797222731214,-0.03465565507206186,0.08711880305068456,-0.2737432499416986,0.4773750753812503,0.47760425666613016
5.0,0.48,1.6160744021928934,-0.032634775413855,-0.03263746683499691,0.08082390206701265,-0.25018249287924377,0.48458967574136436,0.4848223206578679
5.0,0.49499999999999966,1.6404982390570435,-0.03073427404625585,-0.030736808731232294,0.07498384868232753,-0.22864958225123572,0.4919133108229565,0.49214947171711293
5.0,0.5099999999999998,1.665291194945886,-0.028944449262222623,-0.02894683633863723,0.0695657771948753,-0.20896998371863706,0.49934762847477104,0.4995873584837657
5.0,0.5249999999999999,1.6904588483790912,-0.027258855759290025,-0.02726110382319626,0.0645391966639289,-0.19098418490608776,0.5068943014496038,0.5071376545137273
5.0,0.54,1.7160068621848585,-0.025671423580188087,-0.02567354072704419,0.05987581931783737,-0.174546402479279,0.5145550277807538,0.5148020586554575
5.0,0.5549999999999997,1.741940984774075,-0.02417643625443951,-0.024178430108261015,0.05554940136070899,-0.15952340050271505,0.5223315311639517,0.5225822954322223
5.0,0.5699999999999998,1.7682670514337349,-0.02276851021289155,-0.022770387953705784,0.05153559528184816,-0.14579341049993913,0.5302255613452742,0.5304801154301203
5.0,0.585,1.7949909856399,-0.02144257540105201,-0.021444343790754113,0.047811812836799354,-0.13324514446294597,0.5382388945147861,0.5384972956919699
5.0,0.5999999999999996,1.8221188003905082,-0.020193857021416822,-0.020195522428119856,0.04435709792890035,-0.12177689281066796,0.5463733337062269,0.5466356401171524
5.0,0.6149999999999998,1.8496565995583267,-0.019017858339041623,-0.019019426760008513,0.04115200867597463,-0.11129569998509739,0.5546307092028476,0.5548969798674979
5.0,0.6299999999999999,1.877610579264343,-0.017910344488438864,-0.01791182157167919,0.03817850799847159,-0.10171661100295941,0.5630128789489574,0.5632831737793027
5.0,0.645,1.9059870292719228,-0.016867327223487848,-0.01686871828809673,0.035419862113324825,-0.09296198285570696,0.571521728968,0.5717961087815767
5.0,0.6599999999999997,1.934792334402031,-0.015885050555440934,-0.01588636061075352,0.03286054636229266,-0.08496085517648443,0.5801591737871508,0.5804377003206092
5.0,0.6749999999999998,1.964032975969847,-0.01495997722730704,-0.014961210990937461,0.030486157844814423,-0.07764837507310095,0.5889271568680026,0.5892098927909539
5.0,0.69,1.9937155332430823,-0.014088775975905798,-0.01408993789073575,0.028283334363710774,-0.07096527146494226,0.5978276510437169,0.5981146599729246
5.0,0.7050000000000001,2.023846684922348,-0.013268309535721886,-0.013269403785899775,0.026239679227585286,-0.06485737466305241,0.6068626589629756,0.6071540054767043
5.0,0.7199999999999998,2.054433210643887,-0.012495623341360557,-0.012496653867368987,0.024343691486742782,-0.059275177299387166,0.6160342135407108,0.616329963193166
5.0,0.7349999999999999,2.0854819925050276,-0.011767934887920876,-0.011768905400766543,0.022584701210017332,-0.05417343304638778,0.62534437841548,0.6256445977515082
5.0,0.75,2.117000016612675,-0.011082623710972616,-0.011083537705550043,0.020952809438270256,-0.04951078987429344,0.6347952484135944,0.6351000049838023
5.0,0.7649999999999997,2.1489943746552194,-0.010437221950053855,-0.01043808271773079,0.019438832476638745,-0.045249454873530985,0.644388950020577,0.6446983123965657
5.0,0.7799999999999998,2.1814722654982006,-0.00982940546170775,-0.009830216102177538,0.018034250212033417,-0.04135488792544422,0.6541276418598718,0.65444167964946
5.0,0.7949999999999999,2.214440996804074,-0.009256985450055667,-0.009257748882499594,0.01673115816503333,-0.03779552173845889,0.6640135151782484,0.664332299041222
5.0,0.81,2.2479079866764717,-0.00871790058476785,-0.008718619558367321,0.01552222300634242,-0.03454250598037421,0.6740487943388462,0.6743723960029414
5.0,0.8249999999999997,2.281880765329303,-0.008210209578047746,-0.00821088668188432,0.014400641287473396,-0.03156947343288158,0.6842357373218438,0.6845642295987908
5.0,0.8399999999999999,2.3163669767810915,-0.0077320841938990645,-0.007732721866277904,0.013360101153407458,-0.02885232627290219,0.6945766362323681,0.6949100930343273
5.0,0.855,2.351374380574902,-0.0072818026645014985,-0.007282403201731927,0.012394746821764346,-0.02636904074842478,0.7050738178163405,0.7054123141724705
5.0,0.8699999999999997,2.386910853524276,-0.006857743489986791,-0.006858309054651517,0.011499145628583462,-0.024099488665673897,0.7157296439838327,0.7160732560572827
5.0,0.8849999999999998,2.4229843914855493,-0.006458379599287829,-0.006458912228030515,0.0106682574552617,-0.022025274240650337,0.7265465123407264,0.7268953174456646
5.0,0.8999999999999999,2.4596031111569494,-0.006082272851033331,-0.006082774461892755,0.009897406364595083,-0.02012958499268062,0.7375268567280875,0.7378809333470847
5.0,0.915,2.496775251904888,-0.005728068854685543,-0.005728541254002607,0.009182254286299851,-0.0183970554713785,0.7486731477696482,0.7490325755714663
5.0,0.9299999999999997,2.534509177617854,-0.005394492093271394,-0.005394936982193898,0.008518776603927143,-0.0168136427124574,0.7599878934279506,0.760352753285356
5.0,0.9449999999999998,2.5728133785883256,-0.00508034133014365,-0.00508076031075225,0.007903239505781487,-0.015366512412924072,0.7714736395684453,0.7718440135764975
5.0,0.96,2.611696473423118,-0.004784485283231517,-0.0047848798643089505,0.007332178972383212,-0.014043934903028838,0.7831329705325558,0.7835089420269352
5.0,0.9749999999999996,2.6511672109826057,-0.004505858551203234,-0.004506230153667589,0.006802381282223709,-0.012835190071796605,0.7949685097189462,0.7953501632947815
5.0,0.9899999999999998,2.6912344723492616,-0.004243457776870513,-0.004243807738892032,0.006310864926106304,-0.011730480475498264,0.8069829201738101,0.8073703417047783
5.0,1.005,2.731907272825927,-0.003996338034018915,-0.003996667615838877,0.005854863828294471,-0.010720851924772463,0.8191789051902326,0.8195721818477779
5.0,1.0199999999999996,2.773194763964297,-0.0037636094246528157,-0.0037639198131217758,0.0054318117800408955,-0.009798120906724973,0.8315592089161838,0.8319584291892889
5.0,1.0350000000000001,2.8151062356240644,-0.003544433874401441,-0.0035447261872531342,0.005039327997895637,-0.00895480825371453,0.8441266169722752,0.8445318706872191
5.0,1.0499999999999998,2.8576511180631634,-0.003338022114545884,-0.0033382974044223242,0.00467520372552078,-0.00818407852119395,0.8568839570784191,0.8572953354189489
5.0,1.0649999999999995,2.9008389840596327,-0.003143630839799212,-0.003143890098041302,0.0043373898036108815,-0.007479684583227325,0.8698340996899475,0.8702516952178896
5.0,1.08,2.944679551065524,-0.002960560031604565,-0.0029608041918219984,0.00402398513796789,-0.006835916996603667,0.8829799586435481,0.8834038653196571
5.0,1.0949999999999998,2.989182683393363,-0.0027881504373122403,-0.0027883803787455367,0.0037332260008326257,-0.0062475577231221125,0.8963244918128602,0.8967548050180086
5.0,1.1099999999999994,3.034358394435674,-0.00262578119615808,-0.0026259977468447637,0.003463476105264844,-0.0057098378349436174,0.9098707017742415,0.910307518330702
5.0,1.125,3.080216848918031,-0.002472867603494105,-0.002473071543250543,0.0032132173967140353,-0.005218398860196264,0.9236216364821485,0.9240650546754091
5.0,1.1399999999999997,3.126768365186155,-0.0023288590052202244,-0.0023290510684498274,0.0029810415099590423,-0.00476925745551731,0.937580389954759,0.9380305095558462
5.0,1.1550000000000002,3.174023417527601,-0.0021932368148347018,-0.0021934176931725433,0.002765641843339516,-0.004358773119184637,0.9517501029705566,0.95220702525828
5.0,1.17,3.2219926385284996,-0.0020655126459626074,-0.0020656829907660817,0.0025658062056759276,-0.003983618683144392,0.9661339637748627,0.9665977915585496
5.0,1.1849999999999996,3.270686821465951,-0.0019452265536373423,-0.0019453869783317371,0.002380409994497242,-0.0036407533447548354,0.9807352087968221,0.981206046439785
5.0,1.2000000000000002,3.320116922736548,-0.0018319453780019665,-0.0018320964602894555,0.002208409867186194,-0.0033273980196523224,0.9955571233781714,0.9960350768209643
5.0,1.2149999999999999,3.3702940643216066,-0.0017252611844658428,-0.001725403468405854,0.002048837869425682,-0.0030410128159697684,1.01060304251249,1.0110882192964818
5.0,1.2299999999999995,3.421229536289672,-0.0016247897946994837,-0.001624923792667886,0.0019007959879029613,-0.0027792764473240435,1.0258763515949059,1.0263688608869015
5.0,1.245,3.472934799336826,-0.0015301694031776057,-0.001530295597711817,0.0017634510966164248,-0.002540067417699363,1.0413804871842633,1.0418804398010475
5.0,1.2599999999999998,3.5254214873653815,-0.001441059274288446,-0.0014411781198251001,0.0016360302683448363,-0.0023214468257269083,1.0571189377765846,1.0576264462096143
5.0,1.2749999999999995,3.5787014101015773,-0.0013571385153175132,-0.001357250439828912,0.0015178164248932729,-0.0021216426489808087,1.0730952445896569,1.073610423030473
5.0,1.29,3.6327865557528094,-0.001278104920887218,-0.0012782103274224883,0.0014081443016372194,-0.0019390353809050024,1.089313002359966,1.0898359667258426
5.0,1.3049999999999997,3.6876890937050155,-0.0012036738846910834,-0.0012037731528276112,0.0013063967036545975,-0.0017721449039532346,1.1057758601514494,1.1063067281115044
5.0,1.3200000000000003,3.7434213772608635,-0.0011335773746036395,-0.0011336708618139336,0.001212001032376653,-0.0016196184925422275,1.1224875221765098,1.1230264131782588
5.0,1.335,3.7999959464192696,-0.0010675629674752522,-0.0010676510104142536,0.001124426063210933,-0.001480219848576572,1.1394517486293179,1.1399987839257806
5.0,1.3499999999999996,3.857425530696973,-0.0010053929401361468,-0.0010054758558535326,0.001043178956001981,-0.001352819080671772,1.1566723565326644,1.1572276592090918
5.0,1.3650000000000002,3.9157230519927224,-0.0009468434133362156,-0.0009469215004181235,0.0009678024815058462,-0.0012363835458557026,1.174153220596318,1.1747169155978165
5.0,1.38,3.9749016274947477,-0.0008917035455378998,-0.000891777085182172,0.0008978724482696601,-0.0011299694795135872,1.1918982740881146,1.192470488248424
5.0,1.3949999999999996,4.034974572632201,-0.0008397747736589217,-0.0008398440306877099,0.000832995315436056,-0.001032714345732094,1.2099115097198683,1.21049237178966
5.0,1.4100000000000001,4.0959554040711765,-0.0007908700980307122,-0.0007909353218441252,0.0007728059780380089,-0.0009438298460416283,1.2281969805454584,1.2287866212213527
5.0,1.4249999999999998,4.157857842756006,-0.0007448134089976221,-0.0007448748344718412,0.0007169657123205261,-0.0008625955298873135,1.2467588008730832,1.2473573528268016
5.0,1.4399999999999995,4.2206958169965505,-0.00070143885273194,-0.0007014967010650188,0.0006651602695262735,-0.0007883529550395188,1.2656011471909747,1.266208745098965
5.0,1.455,4.284483465602117,-0.0006605902339809662,-0.000660644713489385,0.000617098107417548,-0.0007205003506112882,1.2847282591063038,1.2853450396806347
5.0,1.4699999999999998,4.3492351410627395,-0.0006221204535953941,-0.0006221717604642312,0.0005725087495823092,-0.000658487739422538,1.3041444402997655,1.3047705423188216
5.0,1.4849999999999994,4.414965412778575,-0.0005858909788134876,-0.0005859392978028881,0.000531141263291092,-0.0006018124801770382,1.3238540594941883,1.3244896238335724
5.0,1.5,4.4816890703380645,-0.0005517713443935028,-0.0005518168495040181,0.000492762847338627,-0.0005500151933192,1.343861551437143,1.344506721101419
5.0,1.5149999999999997,4.549421126845644,-0.0005196386827979013,-0.0005196815378970817,0.00045715752192312454,-0.0005026760375473931,1.3641714178986188,1.364826338053693
5.0,1.5300000000000002,4.618176822299782,-0.0004893772817374984,-0.000489417641149989,0.0004241249131902801,-0.0004594113068031885,1.3847882286840671,1.3854530466899344
5.0,1.545,4.687971627022013,-0.0004608781674822431,-0.0004609161765455232,0.00039347912560193984,-0.00041987032015362136,1.4057166226633058,1.4063914881066035
5.0,1.5599999999999996,4.758821245137852,-0.0004340387124380782,-0.00043407450802583045,0.00036504769578345593,-0.000383732579358174,1.4269613088131443,1.4276463735413554
5.0,1.5750000000000002,4.830741618110279,-0.0004087622655767548,-0.00040879597659175776,0.00033867062196234784,-0.0003507051710800009,1.448527067277369,1.4492224854330835
5.0,1.5899999999999999,4.903748928326621,-0.00038495780438773357,-0.0003849895522260547,0.00031419946353640965,-0.0003205203926858697,1.4704187504428694,1.4711246784979861
5.0,1.6049999999999995,4.977859602739683,-0.00036253960709883035,-0.00036256950608697954,0.00029149650570383306,-0.000292933582391002,1.4926412840304657,1.4933578808219046
5.0,1.62,5.053090316563868,-0.00034142694398524656,-0.0003414551017918749,0.0002704339844542657,-0.00026772113616039715,1.515199668203876,1.51592709496916
5.0,1.6349999999999998,5.12945799702716,-0.000321543786655361,-0.0003215703046789876,0.0002508933675593191,-0.00024467869529323647,1.538098978695108,1.5388373991081477
5.0,1.6499999999999995,5.206979827179846,-0.0003028185342663995,-0.0003028435080005519,0.00023276468751619387,-0.00022361948999993745,1.5613443679456938,1.5620939481539535
5.0,1.665,5.285673249760763,-0.00028518375568406144,-0.0002852072750611568,0.00021594592269045114,-0.00020437282554539572,1.5849410662658137,1.5857019749282286
5.0,1.6799999999999997,5.365555971121974,-0.00026857594665760453,-0.00026859809637280513,0.00020034242317527453,-0.00018678269868794165,1.6088943830123186,1.6096667913365916
5.0,1.6949999999999994,5.446645965212794,-0.000252935301135947,-0.0002529561609521524,0.0001858663781361395,-0.0001707065332000249,1.6332097077826926,1.633993789563838
5.0,1.71,5.528961477624004,-0.00023820549590128668,-0.00023822514093636528,0.00017243632164328299,-0.0001560140242210377,1.6578925116274652,1.6586884432872009
5.0,1.7249999999999996,5.612521029693155,-0.00022433348774467994,-0.0002243519887419783,0.0001599766742110116,-0.00014258608207526796,1.6829483482816032,1.6837563089079461
5.0,1.7400000000000002,5.697343422671993,-0.00021126932245319626,-0.00021128674603628728,0.0001484173174637707,-0.00013031386699423,1.7083828554141007,1.7092030268015974
5.0,1.755,5.783447741956774,-0.00019896595492079468,-0.00019898236383339795,0.0001376931995353708,-0.00011909790691931307,1.7342017558963783,1.7350343225870317
5.0,1.7699999999999996,5.870853361382599,-0.00018737907973512675,-0.00018739453306705153,0.000127743968980678,-0.00010884729123409585,1.7604108590898422,1.7612560084147793
5.0,1.7850000000000001,5.959579947582588,-0.00017646697163019746,-0.00017648152503012949,0.00011851363513958015,-9.947893389113557e-05,1.7870160621535478,1.787873984274776
5.0,1.7999999999999998,6.049647464412945,-0.00016619033523033774,-0.00016620404110623708,0.00010995025304186489,-9.091689996064227e-05,1.8140233513702415,1.814894239323883
5.0,1.8149999999999995,6.141076177444936,-0.0001565121635444089,-0.00015652507125223284,0.00010200563107976616,-8.309179014222099e-05,1.8414388034937983,1.8423228532334803
5.0,1.83,6.2338866585247175,-0.00014739760470066192,-0.00014740976072210004,9.463505980308604e-05,-7.594017825098488e-05,1.8692685871169656,1.8701659975574147
5.0,1.8449999999999998,6.328099790402068,-0.00013881383644235434,-0.0001388252845522144,8.779706031062657e-05,-6.940409711862818e-05,1.8975189640582832,1.8984299371206201
5.0,1.8599999999999994,6.42373677142913,-0.00013072994793217397,-0.00013074072935601697,8.145315082197914e-05,-6.343056874230998e-05,1.9261962907715717,1.9271210314287386
5.0,1.875,6.5208191203301125,-0.0001231168284398369,-0.00012312698200243354,7.55676301160282e-05,-5.79711748730886e-05,1.9553070197765186,1.9562457360990333
5.0,1.8899999999999997,6.619368681043075,-0.00011594706251201494,-0.00011595662477715815,7.010737661743055e-05,-5.298166456332688e-05,1.9848577011099933,1.985810604312922
5.0,1.9050000000000002,6.71940762763495,-0.00010919483124709145,-0.00010920383664926382,6.504166200040385e-05,-4.842159549200413e-05,2.014854983799868,2.0158222882904844
5.0,1.92,6.8209584692907494,-0.00010283581931922779,-0.00010284430028760456,6.034197826085798e-05,-4.425400616073433e-05,2.0453056173611968,2.0462875407872243
5.0,1.9349999999999996,6.924044055378274,-9.684712741692662e-05,-9.685511449215447e-05,5.598187728368955e-05,-4.044511630348082e-05,2.0762164533152143,2.077213216613482
5.0,1.9500000000000002,7.0286875805892945,-9.12071897807763e-05,-9.121471172495264e-05,5.193682200238711e-05,-3.696405308166906e-05,2.107594446730595,2.108606274176788
5.0,1.9649999999999999,7.134912590158439,-8.589569654342288e-05,-8.590278044367185e-05,4.8184048313320336e-05,-3.378260084535742e-05,2.139446657787837,2.1404737770475313
5.0,1.9799999999999995,7.242742985161009,-8.089352059211086e-05,-8.090019195812485e-05,4.470243696762325e-05,-3.0874972432142523e-05,2.171780253368854,2.172822895548302
5.0,1.995,7.352203027890797,-7.618264869041713e-05,-7.618893154631946e-05,4.147239471972532e-05,-2.821760015012293e-05,2.2046025086692906,2.2056609083672383
5.0,2.01,7.463317347319193,-7.174611661114338e-05,-7.175203358200187e-05,3.847574406367219e-05,-2.5788944750711288e-05,2.237920808834819,2.2389952041957573
5.0,2.0249999999999995,7.5761109446368415,-6.756794804677452e-05,-6.757352044007543e-05,3.569562093671657e-05,-2.3569320842914188e-05,2.2717426506233838,2.272833283391052
5.0,2.04,7.690609198878998,-6.363309707751532e-05,-6.363834495989321e-05,3.31163798144917e-05,-2.1540737334004325e-05,2.306075644092321,2.3071827596636987
5.0,2.0549999999999997,7.806837872635897,-5.992739398972744e-05,-5.993233625922742e-05,3.072350566367681e-05,-1.96867516032816e-05,2.340927514310345,2.3420513617907686
5.0,2.0699999999999994,7.924823117849483,-5.643749424965519e-05,-5.644214870378573e-05,2.8503532256654646e-05,-1.799233622692546e-05,2.376306103095096,2.377446935354844
5.0,2.085,8.04459148169769,-5.3150830448690227e-05,-5.315521384851346e-05,2.644396638846735e-05,-1.6443757173673456e-05,2.4122193707777697,2.4133774445093064
5.0,2.0999999999999996,8.166169912567646,-5.00555670471262e-05,-5.005969517761636e-05,2.453321756959161e-05,-1.5028462484049124e-05,2.4486753979953653,2.4498509737702934
5.0,2.115,8.289585766119227,-4.714055775343193e-05,-4.7144445480317404e-05,2.2760532798869672e-05,-1.3734980530850286e-05,2.4856823875083394,2.4868757298357678
5.0,2.13,8.41486681144013,-4.439530538556216e-05,-4.4398966708859214e-05,2.1115936049518783e-05,-1.2552827036236332e-05,2.5232486660450983,2.5244600434320383
5.0,2.1449999999999996,8.54204123729409,-4.180992406976425e-05,-4.181337217419145e-05,1.9590172127671424e-05,-1.1472420091732112e-05,2.5613826861765943,2.5626123711882265
5.0,2.16,8.671137658463456,-3.937510364075436e-05,-3.9378350943211924e-05,1.8174654587502396e-05,-1.048500249236666e-05,2.6000930282182555,2.601341297539036
5.0,2.175,8.802185122187606,-3.708207611506648e-05,-3.708513430935089e-05,1.686141740982667e-05,-9.582570755420439e-06,2.639388402160595,2.640655536656281
5.0,2.1899999999999995,8.935213114698744,-3.492258411684118e-05,-3.4925464215755105e-05,1.5643070172233634e-05,-8.75781024844675e-06,2.679277649628459,2.6805639344096224
5.0,2.205,9.070251567856412,-3.2888851142353606e-05,-3.2891563517363896e-05,1.4512756458470202e-05,-8.004035900743909e-06,2.7197697458705847,2.7210754703569227
5.0,2.2199999999999998,9.207330865882248,-3.097355355620042e-05,-3.0976107974786945e-05,1.3464115273018319e-05,-7.3151380177203945e-06,2.760873801779775,2.762199259764674
5.0,2.2349999999999994,9.346481852196629,-2.916979421830183e-05,-2.9172199879130575e-05,1.2491245243719505e-05,-6.685532758957723e-06,2.8025990659419544,2.803944555658988
5.0,2.25,9.487735836358526,-2.7471077646747537e-05,-2.7473343212795826e-05,1.1588671410993256e-05,-6.110116878563736e-06,2.844954926717537,2.8463207509075574
5.0,2.2649999999999997,9.631124601110281,-2.5871286627045876e-05,-2.587342025679869e-05,1.0751314416750921e-05,-5.584226360971421e-06,2.8879509143538664,2.889337380333084
5.0,2.2799999999999994,9.776680409528899,-2.436466018354427e-05,-2.4366669560373298e-05,9.974461919610932e-06,-5.103598616905639e-06,2.931596703129411,2.933004122858669
5.0,2.295,9.924436012285348,-2.2945772833694286e-05,-2.294766519352642e-05,9.253742075551179e-06,-4.664337933097136e-06,2.9759021135310393,2.9773308036856037
5.0,2.3099999999999996,10.074424655013582,-2.1609515050454237e-05,-2.1611297207828935e-05,8.585098934757076e-06,-4.2628838957007554e-06,3.020877114463075,3.022327396504074
5.0,2.325,10.226680085791001,-2.0351074862472838e-05,-2.0352753235081544e-05,7.9647696162071e-06,-3.895982531471381e-06,3.0665318254901437,3.0680040257372996
5.0,2.34,10.381236562731843,-1.9165920525794865e-05,-1.9167501157591905e-05,7.389263131543724e-06,-3.5606599327836914e-06,3.1128765191148973,3.114370968819552
5.0,2.3549999999999995,10.538128861695471,-1.8049784204687976e-05,-1.805127278765511e-05,6.85534073905743e-06,-3.2541981527169738e-06,3.1599216230888447,3.1614386585086405
5.0,2.37,10.697392284111054,-1.6998646602824312e-05,-1.7000048497468018e-05,6.359997717223248e-06,-2.974113174820081e-06,3.2076777227591524,3.209217685233315
5.0,2.385,10.859062664920515,-1.6008722489472322e-05,-1.6010042744127588e-05,5.900446455218341e-06,-2.71813477899389e-06,3.25615556344986,3.257718799476154
5.0,2.3999999999999995,11.023176380641596,-1.5076447068577573e-05,-1.507769043758723e-05,5.474100765259238e-06,-2.4841881402928566e-06,3.305366052879093,3.306952914192478
5.0,2.415,11.189770357552705,-1.4198463141646576e-05,-1.4199634102481995e-05,5.078561328475401e-06,-2.2703770114946664e-06,3.3553202636147264,3.356931107265811
5.0,2.4299999999999997,11.358882080001454,-1.3371609018205934e-05,-1.3372711787590957e-05,4.711602192413127e-06,-2.074968353127793e-06,3.4060294355652863,3.4076646240004353
5.0,2.4449999999999994,11.530549598838844,-1.2592907130301652e-05,-1.2593945679397202e-05,4.371158244182633e-06,-1.896378286374213e-06,3.457504978508336,3.4591648796516523
5.0,2.46,11.704811539980854,-1.1859553310038286e-05,-1.1860531378742847e-05,4.0553135887518355e-06,-1.7331592549888055e-06,3.509758474657334,3.5114434619942556
5.0,2.4749999999999996,11.881707113099395,-1.116890669154573e-05,-1.1169827801963113e-05,3.7622907669841393e-06,-1.5839882921758448e-06,3.5628016812700705,3.5645121339298176
5.0,2.49,12.06127612044472,-1.0518480201009566e-05,-1.0519347670132144e-05,3.490440752743587e-06,-1.4476562973238058e-06,3.6166465332926245,3.6183828361334154
5.0,2.505,12.243558965801025,-9.90593160051892e-06,-9.906748552172565e-06,3.2382336727736265e-06,-1.3230582356786145e-06,3.6713051460422204,3.6730676897403067
5.0,2.5199999999999996,12.428596663577538,-9.329055053480167e-06,-9.329824429573236e-06,3.0042501971254793e-06,-1.2091841815167669e-06,3.7267898179378647,3.7285789990732607
5.0,2.535,12.616430848036902,-8.785773181222534e-06,-8.786497752339947e-06,2.7871735516844073e-06,-1.105111132224716e-06,3.7831130332659466,3.78492925441107
5.0,2.55,12.80710378266303,-8.274129582191046e-06,-8.274811957571495e-06,2.5857821078424334e-06,-1.0099955269306545e-06,3.8402874649859267,3.8421311347989078
5.0,2.5649999999999995,13.000658369670631,-7.79228178678779e-06,-7.792924423719689e-06,2.3989425076156754e-06,-9.230664090468777e-07,3.898325977584964,3.9001975109011884
5.0,2.58,13.197138159658358,-7.338494622491267e-06,-7.339099835161658e-06,2.225603285516936e-06,-8.436191773056666e-07,3.9572416299704463,3.9591414478975064
5.0,2.5949999999999998,13.39658736140784,-6.911133965361085e-06,-6.911703933189265e-06,2.0647889512891563e-06,-7.710098746370814e-07,4.017047678399184,4.018976208422352
5.0,2.6099999999999994,13.599050851830919,-6.508660855426814e-06,-6.5091976309124116e-06,1.9155945001996646e-06,-7.046499685968109e-07,4.077757579442402,4.079715255549274
5.0,2.625,13.804574186067095,-6.129625954769992e-06,-6.130131470883911e-06,1.7771803200007931e-06,-6.440015810415932e-07,4.139384992952398,4.141372255820127
5.0,2.6399999999999997,14.013203607733608,-5.772664328342726e-06,-5.77314040548712e-06,1.6487674658933362e-06,-5.885731283930169e-07,4.201943784950658,4.203961082320082
5.0,2.6549999999999994,14.224986059330508,-5.436490528728878e-06,-5.436938881289964e-06,1.5296332768986862e-06,-5.379153371664187e-07,4.2654480302319,4.267495817799151
5.0,2.67,14.43996919280288,-5.1198939671495646e-06,-5.120316209664097e-06,1.4191073089618196e-06,-4.916176025043681e-07,4.329912014132601,4.331990757840863
5.0,2.6849999999999996,14.658201380262698,-4.8217345540481705e-06,-4.822132206998183e-06,1.3165675618782006e-06,-4.4930466027239473e-07,4.39535023211206,4.397460414078808
5.0,2.7,14.879731724872837,-4.540938593567596e-06,-4.541313088805218e-06,1.221436978767564e-06,-4.1063354588301376e-07,4.461777384045755,4.46391951746185
5.0,2.715,15.104610071895399,-4.2764949171611494e-06,-4.276847602938695e-06,1.1331801983059093e-06,-3.752908154506257e-07,4.529208356505836,4.531383021568619
5.0,2.7299999999999995,15.332887019907188,-4.0274512424694756e-06,-4.027783387992478e-06,1.0513005412667315e-06,-3.429900071651398e-07,4.597658179414073,4.599866105972155
5.0,2.745,15.564613932184574,-3.7929107444648434e-06,-3.7932235437711116e-06,9.753372141073903e-07,-3.134693228900881e-07,4.667141931697283,4.6693841796553714
5.0,2.76,15.799842948260395,-3.5720288267312525e-06,-3.572323401480397e-06,9.048627133697028e-07,-2.8648951186032273e-07,4.737674553043671,4.739952884478117
5.0,2.7749999999999995,16.03862699565566,-3.364010081635498e-06,-3.364287482007286e-06,8.394804155816472e-07,-2.6183193978146783e-07,4.809270497798896,4.8115880986966975
5.0,2.79,16.28101980178843,-3.168105429061088e-06,-3.168366631335912e-06,7.788223382562169e-07,-2.392968273100987e-07,4.881943152010288,4.884305940536527
5.0,2.8049999999999997,16.527075906062652,-2.9836094242987557e-06,-2.9838553227839657e-06,7.225470586959122e-07,-2.187016414993417e-07,4.9557039472295425,4.958122771818795
5.0,2.8199999999999994,16.77685067213986,-2.8098577265179955e-06,-2.810089116344525e-06,6.70337778943911e-07,-1.998796222628461e-07,5.030561179936606,5.033055201641957
5.0,2.835,17.03040030039619,-2.646224719781676e-06,-2.6464422659843676e-06,6.219005277018027e-07,-1.82678423853816e-07,5.106518722206598,5.109120090118856
5.0,2.8499999999999996,17.287781840567632,-2.492121278504313e-06,-2.4923254662824144e-06,5.769624934569592e-07,-1.6695885045273312e-07,5.183575101521497,5.186334552170289
5.0,2.865,17.549053204586595,-2.3469926682694584e-06,-2.3471837302935967e-06,5.352704869427814e-07,-1.5259366785958238e-07,5.261723777116431,5.264715961375978
5.0,2.88,17.814273179612197,-2.2103165708781953e-06,-2.2104943909964894e-06,4.965895340221951e-07,-1.3946648254419878e-07,5.340955672250705,5.344281953883658
5.0,2.8949999999999996,18.083501441257738,-2.081601219753225e-06,-2.08176521912741e-06,4.607015999926319e-07,-1.274706952300046e-07,5.421264854184971,5.42505043237732
5.0,2.91,18.356798567017925,-1.960383629454498e-06,-1.9605326506234313e-06,4.274044410845113e-07,-1.1650855456284889e-07,5.502657414575775,5.507039570105376
5.0,2.925,18.634226049899,-1.8462279028041053e-06,-1.8463601172910696e-06,3.965105681193682e-07,-1.0649034808732947e-07,5.585162062681051,5.590267814969699
5.0,2.9399999999999995,18.91584631225503,-1.7387236027291908e-06,-1.7388364746891845e-06,3.6784629363913395e-07,-9.733376194905944e-08,5.668839151079711,5.674753893676508
5.0,2.955,19.20172271983316,-1.6374841840937888e-06,-1.6375745215649358e-06,3.4125082343692636e-07,-8.896341203146276e-08,5.75378375746604,5.760516815949947
5.0,2.9699999999999998,19.491919596031114,-1.542145492042671e-06,-1.5422096055110527e-06,3.165753536294538e-07,-8.131050438333153e-08,5.840119109401644,5.847575878809333
5.0,2.9849999999999994,19.786502236370325,-1.4523643439228744e-06,-1.4523983098232664e-06,2.9368214946209346e-07,-6.032390057188738e-08,7.302631627213379,5.9359506709110965
5.0,3.0,20.085536923187668,-1.367817216829257e-06,-1.367817216829257e-06,2.8062357312775853e-07,-4.2802182823966235e-08,9.834436748771216,6.025661076956299
