strategy,final_wealth,annualized_return,annualized_volatility,sharpe_ratio,max_drawdown,mean_monthly_return,worst_month,average_annual_turnover,mean_aapl_exposure,median_aapl_exposure,min_aapl_exposure,max_aapl_exposure,crra_monthly_utility_gamma_1.5,certainty_equivalent_monthly_return_gamma_1.5,certainty_equivalent_annual_return_gamma_1.5,crra_monthly_utility_gamma_3,certainty_equivalent_monthly_return_gamma_3,certainty_equivalent_annual_return_gamma_3,crra_monthly_utility_gamma_5,certainty_equivalent_monthly_return_gamma_5,certainty_equivalent_annual_return_gamma_5
merton_unconstrained_gamma_1.5,0.10264634976201834,-0.25044535688761727,1.8245597122345028,0.24309867729388449,-1.096751841319654,0.028867871451637023,-0.9878777963107076,54.22320766316366,2.2985753655635652,1.9656879893949273,-178.36847905325473,365.0045524106464,-2.1621229116521556,-0.14434393421527747,-0.8459751476445865,-36.71204362083244,-0.883297348922978,-0.9999999999936178,-123164.90211005423,-0.9622546670459359,-1.0
merton_long_only_gamma_1.5,5.420354653166323,0.23866039561783836,0.296541773034357,0.780242471863941,-0.38515925846903687,0.020407924879063708,-0.18119767044730362,1.0259271920847917,0.9003907610624561,1.0,0.0,1.0,-1.984253976357358,0.01593394799449155,0.20888690465202098,-0.48876256667375656,0.011430472050322438,0.14612610732261855,-0.2446801229846719,0.005391778814447745,0.06665495624794926
merton_unconstrained_gamma_3,2.5942327138758086,0.1283069459124382,0.4277981528003399,0.43491620886191956,-0.7084138633952951,0.015548286371057325,-0.4929490307202201,3.7366405393230813,1.113623262615031,0.9866295047970284,-0.08156141994824422,4.964465751939808,-1.9954984357985668,0.004516808000327277,0.05556867910816177,-0.509312193214754,-0.009184104256311665,-0.10480925260852314,-0.2906642169883133,-0.03697600193709394,-0.3637243315885168
merton_long_only_gamma_3,4.175722498276414,0.1984094124586555,0.2759229044925214,0.6975379128567559,-0.38515453354787277,0.017074055924784462,-0.18119767044730362,1.2799700773996292,0.7846873096252001,0.9866295047970284,0.0,1.0,-1.9867594961650756,0.013373157325120566,0.1728237605659244,-0.4904901669413091,0.00964767495183727,0.12211713468884966,-0.2454234737233969,0.004629617521414442,0.05699207121739791
merton_unconstrained_gamma_5,2.2894912850467755,0.11059288738086037,0.24673417147356422,0.44092916632832185,-0.4847261474022586,0.010220452338825427,-0.29497752448402625,1.9399843293076815,0.6643143118849496,0.5967543142625353,-0.048894387859251064,2.136843094556779,-1.9935812813034532,0.006449751416768734,0.08020246298852629,-0.4975596166432287,0.0024493530530993457,0.029791443113430738,-0.25361990090810466,-0.003587493322408708,-0.042210568909695434
merton_long_only_gamma_5,2.453257154939295,0.12035175637559825,0.20803586178637906,0.5225026471673867,-0.3650954840309114,0.010452928696706443,-0.18119767044730362,1.2555548351289165,0.5865258603532566,0.5967543142625353,0.0,1.0,-1.991955352492117,0.00809344639831533,0.10156339765541178,-0.494362567037376,0.0056855563055515645,0.0704011175046999,-0.24764343759910534,0.002370544776329586,0.028820369525914824
benchmark_aapl_100,6.933305210619637,0.2778825356203898,0.3090811890167295,0.861772554206521,-0.38515925846903687,0.02345659077313911,-0.18119767044730362,0.125,1.0,1.0,1.0,1.0,-1.9818432268573956,0.018407051644941275,0.2446773126710069,-0.4869542392394405,0.013306729049236132,0.1719015268101114,-0.24363882100033787,0.006464311808565659,0.08039000645119954
benchmark_50_50_monthly,3.1754037304514187,0.15756234180463125,0.15295914135999664,0.8591133040254437,-0.20691858594728618,0.012842646031808404,-0.08960896778851923,0.2689922949796192,0.5023749820091287,0.5029786104919673,0.43675202696838444,0.5488308250081131,-1.9885210337188146,0.011578553017300042,0.14814134651586963,-0.4898473925758771,0.01030988413946976,0.1309807733436401,-0.24156876120886553,0.008613575129164941,0.10840304297712411
benchmark_cash_100,1.2340854367842435,0.026992649708147187,0.0012636487622281636,2.086087832322055e-15,0.0,0.0022287012904776615,1.428581632745285e-05,0.0,0.0,0.0,0.0,0.0,-1.9977771191800695,0.0022265922187736376,0.027048756424375764,-0.49778291716697315,0.0022244833685249876,0.027022823762320902,-0.24779061301980818,0.0022216719290764075,0.026988252250876865
