decision_date,gamma,target_weight,variant
2018-02-01,1.5,5.455620834972672,merton_unconstrained
2018-03-01,1.5,5.570701177539333,merton_unconstrained
2018-04-02,1.5,3.8642614654718037,merton_unconstrained
2018-05-01,1.5,5.070201300727156,merton_unconstrained
2018-06-01,1.5,5.595800667514432,merton_unconstrained
2018-07-02,1.5,6.07951256934297,merton_unconstrained
2018-08-01,1.5,5.68597327835791,merton_unconstrained
2018-09-04,1.5,6.7765814953714285,merton_unconstrained
2018-10-01,1.5,6.184630181360454,merton_unconstrained
2018-11-01,1.5,5.403818934245118,merton_unconstrained
2018-12-03,1.5,3.4424040385192165,merton_unconstrained
2019-01-02,1.5,1.9998597327125889,merton_unconstrained
2019-02-01,1.5,1.8161480326446275,merton_unconstrained
2019-03-01,1.5,1.4342785658610337,merton_unconstrained
2019-04-01,1.5,1.6298006274074006,merton_unconstrained
2019-05-01,1.5,1.8906935848716329,merton_unconstrained
2019-06-03,1.5,0.8668139196744853,merton_unconstrained
2019-07-01,1.5,1.7671672118385378,merton_unconstrained
2019-08-01,1.5,1.928844975776546,merton_unconstrained
2019-09-03,1.5,1.3942745746176277,merton_unconstrained
2019-10-01,1.5,1.9505668245672512,merton_unconstrained
2019-11-01,1.5,2.081545451859642,merton_unconstrained
2019-12-02,1.5,2.226659424052233,merton_unconstrained
2020-01-02,1.5,2.6921408816193755,merton_unconstrained
2020-02-03,1.5,2.9535796951024196,merton_unconstrained
2020-03-02,1.5,2.1444947099112333,merton_unconstrained
2020-04-01,1.5,1.5459697768560645,merton_unconstrained
2020-05-01,1.5,1.8947961999596672,merton_unconstrained
2020-06-01,1.5,1.7696563263432366,merton_unconstrained
2020-07-01,1.5,2.111019405397831,merton_unconstrained
2020-08-03,1.5,2.3331308907911614,merton_unconstrained
2020-09-01,1.5,2.383978343786326,merton_unconstrained
2020-10-01,1.5,1.9734299433711946,merton_unconstrained
2020-11-02,1.5,1.92232333306525,merton_unconstrained
2020-12-01,1.5,2.5596762356423084,merton_unconstrained
2021-01-04,1.5,3.1964416618251135,merton_unconstrained
2021-02-01,1.5,3.1765012974068734,merton_unconstrained
2021-03-01,1.5,2.807723446719713,merton_unconstrained
2021-04-01,1.5,2.552715444167943,merton_unconstrained
2021-05-03,1.5,2.499829772818119,merton_unconstrained
2021-06-01,1.5,2.784439555565659,merton_unconstrained
2021-07-01,1.5,2.738849222008397,merton_unconstrained
2021-08-02,1.5,2.7425365010930283,merton_unconstrained
2021-09-01,1.5,2.9623310473078166,merton_unconstrained
2021-10-01,1.5,2.6090704488682257,merton_unconstrained
2021-11-01,1.5,2.5607725163840724,merton_unconstrained
2021-12-01,1.5,2.5499269894628034,merton_unconstrained
2022-01-03,1.5,2.4073977864100318,merton_unconstrained
2022-02-01,1.5,2.272330176830921,merton_unconstrained
2022-03-01,1.5,2.4794594534435364,merton_unconstrained
2022-04-01,1.5,4.041521371624911,merton_unconstrained
2022-05-02,1.5,3.0550729013716316,merton_unconstrained
2022-06-01,1.5,2.318930754904375,merton_unconstrained
2022-07-01,1.5,1.5680702236267008,merton_unconstrained
2022-08-01,1.5,1.9388567874890392,merton_unconstrained
2022-09-01,1.5,0.8511314472763137,merton_unconstrained
2022-10-03,1.5,0.7760264076441764,merton_unconstrained
2022-11-01,1.5,1.1138356617181606,merton_unconstrained
2022-12-01,1.5,0.8377811609878052,merton_unconstrained
2023-01-03,1.5,-0.04387799717159109,merton_unconstrained
2023-02-01,1.5,0.36240890967719325,merton_unconstrained
2023-03-01,1.5,0.7255440749183328,merton_unconstrained
2023-04-03,1.5,1.132896436111752,merton_unconstrained
2023-05-01,1.5,0.8801573541995985,merton_unconstrained
2023-06-01,1.5,1.296457151659551,merton_unconstrained
2023-07-03,1.5,1.3026350035559076,merton_unconstrained
2023-08-01,1.5,1.1228800252232585,merton_unconstrained
2023-09-01,1.5,0.7324954940086145,merton_unconstrained
2023-10-02,1.5,0.6605590478405297,merton_unconstrained
2023-11-01,1.5,0.3816947289707222,merton_unconstrained
2023-12-01,1.5,0.6113985704934907,merton_unconstrained
2024-01-02,1.5,0.22781394922111772,merton_unconstrained
2024-02-01,1.5,0.5298364169560253,merton_unconstrained
2024-03-01,1.5,0.3127498492140959,merton_unconstrained
2024-04-01,1.5,-0.15843640836372763,merton_unconstrained
2024-05-01,1.5,0.2749703997779793,merton_unconstrained
2024-06-03,1.5,1.066601920815529,merton_unconstrained
2024-07-01,1.5,1.8088769725508358,merton_unconstrained
2024-08-01,1.5,1.5716817941831247,merton_unconstrained
2024-09-03,1.5,1.6350854115630402,merton_unconstrained
2024-10-01,1.5,2.142681939090649,merton_unconstrained
2024-11-01,1.5,2.041390911109326,merton_unconstrained
2024-12-02,1.5,3.1201295768720314,merton_unconstrained
2025-01-02,1.5,4.732019753840212,merton_unconstrained
2025-02-03,1.5,3.192630635026081,merton_unconstrained
2025-03-03,1.5,3.338489849844585,merton_unconstrained
2025-04-01,1.5,2.1190469862993764,merton_unconstrained
2025-05-01,1.5,1.1917790228552132,merton_unconstrained
2025-06-02,1.5,0.6500870542408912,merton_unconstrained
2025-07-01,1.5,0.44052412125386703,merton_unconstrained
2025-08-01,1.5,0.3092109680914747,merton_unconstrained
2025-09-02,1.5,1.1633538110561763,merton_unconstrained
2025-10-01,1.5,1.742679795727608,merton_unconstrained
2025-11-03,1.5,2.076973196921731,merton_unconstrained
2025-12-01,1.5,1.704636575802767,merton_unconstrained
2018-02-01,1.5,1.0,merton_long_only
2018-03-01,1.5,1.0,merton_long_only
2018-04-02,1.5,1.0,merton_long_only
2018-05-01,1.5,1.0,merton_long_only
2018-06-01,1.5,1.0,merton_long_only
2018-07-02,1.5,1.0,merton_long_only
2018-08-01,1.5,1.0,merton_long_only
2018-09-04,1.5,1.0,merton_long_only
2018-10-01,1.5,1.0,merton_long_only
2018-11-01,1.5,1.0,merton_long_only
2018-12-03,1.5,1.0,merton_long_only
2019-01-02,1.5,1.0,merton_long_only
2019-02-01,1.5,1.0,merton_long_only
2019-03-01,1.5,1.0,merton_long_only
2019-04-01,1.5,1.0,merton_long_only
2019-05-01,1.5,1.0,merton_long_only
2019-06-03,1.5,0.8668139196744853,merton_long_only
2019-07-01,1.5,1.0,merton_long_only
2019-08-01,1.5,1.0,merton_long_only
2019-09-03,1.5,1.0,merton_long_only
2019-10-01,1.5,1.0,merton_long_only
2019-11-01,1.5,1.0,merton_long_only
2019-12-02,1.5,1.0,merton_long_only
2020-01-02,1.5,1.0,merton_long_only
2020-02-03,1.5,1.0,merton_long_only
2020-03-02,1.5,1.0,merton_long_only
2020-04-01,1.5,1.0,merton_long_only
2020-05-01,1.5,1.0,merton_long_only
2020-06-01,1.5,1.0,merton_long_only
2020-07-01,1.5,1.0,merton_long_only
2020-08-03,1.5,1.0,merton_long_only
2020-09-01,1.5,1.0,merton_long_only
2020-10-01,1.5,1.0,merton_long_only
2020-11-02,1.5,1.0,merton_long_only
2020-12-01,1.5,1.0,merton_long_only
2021-01-04,1.5,1.0,merton_long_only
2021-02-01,1.5,1.0,merton_long_only
2021-03-01,1.5,1.0,merton_long_only
2021-04-01,1.5,1.0,merton_long_only
2021-05-03,1.5,1.0,merton_long_only
2021-06-01,1.5,1.0,merton_long_only
2021-07-01,1.5,1.0,merton_long_only
2021-08-02,1.5,1.0,merton_long_only
2021-09-01,1.5,1.0,merton_long_only
2021-10-01,1.5,1.0,merton_long_only
2021-11-01,1.5,1.0,merton_long_only
2021-12-01,1.5,1.0,merton_long_only
2022-01-03,1.5,1.0,merton_long_only
2022-02-01,1.5,1.0,merton_long_only
2022-03-01,1.5,1.0,merton_long_only
2022-04-01,1.5,1.0,merton_long_only
2022-05-02,1.5,1.0,merton_long_only
2022-06-01,1.5,1.0,merton_long_only
2022-07-01,1.5,1.0,merton_long_only
2022-08-01,1.5,1.0,merton_long_only
2022-09-01,1.5,0.8511314472763137,merton_long_only
2022-10-03,1.5,0.7760264076441764,merton_long_only
2022-11-01,1.5,1.0,merton_long_only
2022-12-01,1.5,0.8377811609878052,merton_long_only
2023-01-03,1.5,0.0,merton_long_only
2023-02-01,1.5,0.36240890967719325,merton_long_only
2023-03-01,1.5,0.7255440749183328,merton_long_only
2023-04-03,1.5,1.0,merton_long_only
2023-05-01,1.5,0.8801573541995985,merton_long_only
2023-06-01,1.5,1.0,merton_long_only
2023-07-03,1.5,1.0,merton_long_only
2023-08-01,1.5,1.0,merton_long_only
2023-09-01,1.5,0.7324954940086145,merton_long_only
2023-10-02,1.5,0.6605590478405297,merton_long_only
2023-11-01,1.5,0.3816947289707222,merton_long_only
2023-12-01,1.5,0.6113985704934907,merton_long_only
2024-01-02,1.5,0.22781394922111772,merton_long_only
2024-02-01,1.5,0.5298364169560253,merton_long_only
2024-03-01,1.5,0.3127498492140959,merton_long_only
2024-04-01,1.5,0.0,merton_long_only
2024-05-01,1.5,0.2749703997779793,merton_long_only
2024-06-03,1.5,1.0,merton_long_only
2024-07-01,1.5,1.0,merton_long_only
2024-08-01,1.5,1.0,merton_long_only
2024-09-03,1.5,1.0,merton_long_only
2024-10-01,1.5,1.0,merton_long_only
2024-11-01,1.5,1.0,merton_long_only
2024-12-02,1.5,1.0,merton_long_only
2025-01-02,1.5,1.0,merton_long_only
2025-02-03,1.5,1.0,merton_long_only
2025-03-03,1.5,1.0,merton_long_only
2025-04-01,1.5,1.0,merton_long_only
2025-05-01,1.5,1.0,merton_long_only
2025-06-02,1.5,0.6500870542408912,merton_long_only
2025-07-01,1.5,0.44052412125386703,merton_long_only
2025-08-01,1.5,0.3092109680914747,merton_long_only
2025-09-02,1.5,1.0,merton_long_only
2025-10-01,1.5,1.0,merton_long_only
2025-11-03,1.5,1.0,merton_long_only
2025-12-01,1.5,1.0,merton_long_only
2018-02-01,3.0,2.727810417486336,merton_unconstrained
2018-03-01,3.0,2.7853505887696666,merton_unconstrained
2018-04-02,3.0,1.9321307327359019,merton_unconstrained
2018-05-01,3.0,2.535100650363578,merton_unconstrained
2018-06-01,3.0,2.797900333757216,merton_unconstrained
2018-07-02,3.0,3.039756284671485,merton_unconstrained
2018-08-01,3.0,2.842986639178955,merton_unconstrained
2018-09-04,3.0,3.3882907476857143,merton_unconstrained
2018-10-01,3.0,3.092315090680227,merton_unconstrained
2018-11-01,3.0,2.701909467122559,merton_unconstrained
2018-12-03,3.0,1.7212020192596083,merton_unconstrained
2019-01-02,3.0,0.9999298663562944,merton_unconstrained
2019-02-01,3.0,0.9080740163223138,merton_unconstrained
2019-03-01,3.0,0.7171392829305169,merton_unconstrained
2019-04-01,3.0,0.8149003137037003,merton_unconstrained
2019-05-01,3.0,0.9453467924358164,merton_unconstrained
2019-06-03,3.0,0.43340695983724264,merton_unconstrained
2019-07-01,3.0,0.8835836059192689,merton_unconstrained
2019-08-01,3.0,0.964422487888273,merton_unconstrained
2019-09-03,3.0,0.6971372873088139,merton_unconstrained
2019-10-01,3.0,0.9752834122836256,merton_unconstrained
2019-11-01,3.0,1.040772725929821,merton_unconstrained
2019-12-02,3.0,1.1133297120261165,merton_unconstrained
2020-01-02,3.0,1.3460704408096877,merton_unconstrained
2020-02-03,3.0,1.4767898475512098,merton_unconstrained
2020-03-02,3.0,1.0722473549556166,merton_unconstrained
2020-04-01,3.0,0.7729848884280323,merton_unconstrained
2020-05-01,3.0,0.9473980999798336,merton_unconstrained
2020-06-01,3.0,0.8848281631716183,merton_unconstrained
2020-07-01,3.0,1.0555097026989155,merton_unconstrained
2020-08-03,3.0,1.1665654453955807,merton_unconstrained
2020-09-01,3.0,1.191989171893163,merton_unconstrained
2020-10-01,3.0,0.9867149716855973,merton_unconstrained
2020-11-02,3.0,0.961161666532625,merton_unconstrained
2020-12-01,3.0,1.2798381178211542,merton_unconstrained
2021-01-04,3.0,1.5982208309125567,merton_unconstrained
2021-02-01,3.0,1.5882506487034367,merton_unconstrained
2021-03-01,3.0,1.4038617233598565,merton_unconstrained
2021-04-01,3.0,1.2763577220839715,merton_unconstrained
2021-05-03,3.0,1.2499148864090595,merton_unconstrained
2021-06-01,3.0,1.3922197777828296,merton_unconstrained
2021-07-01,3.0,1.3694246110041985,merton_unconstrained
2021-08-02,3.0,1.3712682505465141,merton_unconstrained
2021-09-01,3.0,1.4811655236539083,merton_unconstrained
2021-10-01,3.0,1.3045352244341129,merton_unconstrained
2021-11-01,3.0,1.2803862581920362,merton_unconstrained
2021-12-01,3.0,1.2749634947314017,merton_unconstrained
2022-01-03,3.0,1.2036988932050159,merton_unconstrained
2022-02-01,3.0,1.1361650884154606,merton_unconstrained
2022-03-01,3.0,1.2397297267217682,merton_unconstrained
2022-04-01,3.0,2.0207606858124554,merton_unconstrained
2022-05-02,3.0,1.5275364506858158,merton_unconstrained
2022-06-01,3.0,1.1594653774521875,merton_unconstrained
2022-07-01,3.0,0.7840351118133504,merton_unconstrained
2022-08-01,3.0,0.9694283937445196,merton_unconstrained
2022-09-01,3.0,0.42556572363815687,merton_unconstrained
2022-10-03,3.0,0.3880132038220882,merton_unconstrained
2022-11-01,3.0,0.5569178308590803,merton_unconstrained
2022-12-01,3.0,0.4188905804939026,merton_unconstrained
2023-01-03,3.0,-0.021938998585795545,merton_unconstrained
2023-02-01,3.0,0.18120445483859662,merton_unconstrained
2023-03-01,3.0,0.3627720374591664,merton_unconstrained
2023-04-03,3.0,0.566448218055876,merton_unconstrained
2023-05-01,3.0,0.44007867709979925,merton_unconstrained
2023-06-01,3.0,0.6482285758297756,merton_unconstrained
2023-07-03,3.0,0.6513175017779538,merton_unconstrained
2023-08-01,3.0,0.5614400126116292,merton_unconstrained
2023-09-01,3.0,0.36624774700430723,merton_unconstrained
2023-10-02,3.0,0.33027952392026483,merton_unconstrained
2023-11-01,3.0,0.1908473644853611,merton_unconstrained
2023-12-01,3.0,0.30569928524674533,merton_unconstrained
2024-01-02,3.0,0.11390697461055886,merton_unconstrained
2024-02-01,3.0,0.2649182084780127,merton_unconstrained
2024-03-01,3.0,0.15637492460704794,merton_unconstrained
2024-04-01,3.0,-0.07921820418186382,merton_unconstrained
2024-05-01,3.0,0.13748519988898966,merton_unconstrained
2024-06-03,3.0,0.5333009604077645,merton_unconstrained
2024-07-01,3.0,0.9044384862754179,merton_unconstrained
2024-08-01,3.0,0.7858408970915624,merton_unconstrained
2024-09-03,3.0,0.8175427057815201,merton_unconstrained
2024-10-01,3.0,1.0713409695453244,merton_unconstrained
2024-11-01,3.0,1.020695455554663,merton_unconstrained
2024-12-02,3.0,1.5600647884360157,merton_unconstrained
2025-01-02,3.0,2.366009876920106,merton_unconstrained
2025-02-03,3.0,1.5963153175130405,merton_unconstrained
2025-03-03,3.0,1.6692449249222925,merton_unconstrained
2025-04-01,3.0,1.0595234931496882,merton_unconstrained
2025-05-01,3.0,0.5958895114276066,merton_unconstrained
2025-06-02,3.0,0.3250435271204456,merton_unconstrained
2025-07-01,3.0,0.22026206062693351,merton_unconstrained
2025-08-01,3.0,0.15460548404573735,merton_unconstrained
2025-09-02,3.0,0.5816769055280882,merton_unconstrained
2025-10-01,3.0,0.871339897863804,merton_unconstrained
2025-11-03,3.0,1.0384865984608656,merton_unconstrained
2025-12-01,3.0,0.8523182879013835,merton_unconstrained
2018-02-01,3.0,1.0,merton_long_only
2018-03-01,3.0,1.0,merton_long_only
2018-04-02,3.0,1.0,merton_long_only
2018-05-01,3.0,1.0,merton_long_only
2018-06-01,3.0,1.0,merton_long_only
2018-07-02,3.0,1.0,merton_long_only
2018-08-01,3.0,1.0,merton_long_only
2018-09-04,3.0,1.0,merton_long_only
2018-10-01,3.0,1.0,merton_long_only
2018-11-01,3.0,1.0,merton_long_only
2018-12-03,3.0,1.0,merton_long_only
2019-01-02,3.0,0.9999298663562944,merton_long_only
2019-02-01,3.0,0.9080740163223138,merton_long_only
2019-03-01,3.0,0.7171392829305169,merton_long_only
2019-04-01,3.0,0.8149003137037003,merton_long_only
2019-05-01,3.0,0.9453467924358164,merton_long_only
2019-06-03,3.0,0.43340695983724264,merton_long_only
2019-07-01,3.0,0.8835836059192689,merton_long_only
2019-08-01,3.0,0.964422487888273,merton_long_only
2019-09-03,3.0,0.6971372873088139,merton_long_only
2019-10-01,3.0,0.9752834122836256,merton_long_only
2019-11-01,3.0,1.0,merton_long_only
2019-12-02,3.0,1.0,merton_long_only
2020-01-02,3.0,1.0,merton_long_only
2020-02-03,3.0,1.0,merton_long_only
2020-03-02,3.0,1.0,merton_long_only
2020-04-01,3.0,0.7729848884280323,merton_long_only
2020-05-01,3.0,0.9473980999798336,merton_long_only
2020-06-01,3.0,0.8848281631716183,merton_long_only
2020-07-01,3.0,1.0,merton_long_only
2020-08-03,3.0,1.0,merton_long_only
2020-09-01,3.0,1.0,merton_long_only
2020-10-01,3.0,0.9867149716855973,merton_long_only
2020-11-02,3.0,0.961161666532625,merton_long_only
2020-12-01,3.0,1.0,merton_long_only
2021-01-04,3.0,1.0,merton_long_only
2021-02-01,3.0,1.0,merton_long_only
2021-03-01,3.0,1.0,merton_long_only
2021-04-01,3.0,1.0,merton_long_only
2021-05-03,3.0,1.0,merton_long_only
2021-06-01,3.0,1.0,merton_long_only
2021-07-01,3.0,1.0,merton_long_only
2021-08-02,3.0,1.0,merton_long_only
2021-09-01,3.0,1.0,merton_long_only
2021-10-01,3.0,1.0,merton_long_only
2021-11-01,3.0,1.0,merton_long_only
2021-12-01,3.0,1.0,merton_long_only
2022-01-03,3.0,1.0,merton_long_only
2022-02-01,3.0,1.0,merton_long_only
2022-03-01,3.0,1.0,merton_long_only
2022-04-01,3.0,1.0,merton_long_only
2022-05-02,3.0,1.0,merton_long_only
2022-06-01,3.0,1.0,merton_long_only
2022-07-01,3.0,0.7840351118133504,merton_long_only
2022-08-01,3.0,0.9694283937445196,merton_long_only
2022-09-01,3.0,0.42556572363815687,merton_long_only
2022-10-03,3.0,0.3880132038220882,merton_long_only
2022-11-01,3.0,0.5569178308590803,merton_long_only
2022-12-01,3.0,0.4188905804939026,merton_long_only
2023-01-03,3.0,0.0,merton_long_only
2023-02-01,3.0,0.18120445483859662,merton_long_only
2023-03-01,3.0,0.3627720374591664,merton_long_only
2023-04-03,3.0,0.566448218055876,merton_long_only
2023-05-01,3.0,0.44007867709979925,merton_long_only
2023-06-01,3.0,0.6482285758297756,merton_long_only
2023-07-03,3.0,0.6513175017779538,merton_long_only
2023-08-01,3.0,0.5614400126116292,merton_long_only
2023-09-01,3.0,0.36624774700430723,merton_long_only
2023-10-02,3.0,0.33027952392026483,merton_long_only
2023-11-01,3.0,0.1908473644853611,merton_long_only
2023-12-01,3.0,0.30569928524674533,merton_long_only
2024-01-02,3.0,0.11390697461055886,merton_long_only
2024-02-01,3.0,0.2649182084780127,merton_long_only
2024-03-01,3.0,0.15637492460704794,merton_long_only
2024-04-01,3.0,0.0,merton_long_only
2024-05-01,3.0,0.13748519988898966,merton_long_only
2024-06-03,3.0,0.5333009604077645,merton_long_only
2024-07-01,3.0,0.9044384862754179,merton_long_only
2024-08-01,3.0,0.7858408970915624,merton_long_only
2024-09-03,3.0,0.8175427057815201,merton_long_only
2024-10-01,3.0,1.0,merton_long_only
2024-11-01,3.0,1.0,merton_long_only
2024-12-02,3.0,1.0,merton_long_only
2025-01-02,3.0,1.0,merton_long_only
2025-02-03,3.0,1.0,merton_long_only
2025-03-03,3.0,1.0,merton_long_only
2025-04-01,3.0,1.0,merton_long_only
2025-05-01,3.0,0.5958895114276066,merton_long_only
2025-06-02,3.0,0.3250435271204456,merton_long_only
2025-07-01,3.0,0.22026206062693351,merton_long_only
2025-08-01,3.0,0.15460548404573735,merton_long_only
2025-09-02,3.0,0.5816769055280882,merton_long_only
2025-10-01,3.0,0.871339897863804,merton_long_only
2025-11-03,3.0,1.0,merton_long_only
2025-12-01,3.0,0.8523182879013835,merton_long_only
2018-02-01,5.0,1.6366862504918014,merton_unconstrained
2018-03-01,5.0,1.6712103532618,merton_unconstrained
2018-04-02,5.0,1.159278439641541,merton_unconstrained
2018-05-01,5.0,1.5210603902181465,merton_unconstrained
2018-06-01,5.0,1.6787402002543292,merton_unconstrained
2018-07-02,5.0,1.8238537708028908,merton_unconstrained
2018-08-01,5.0,1.705791983507373,merton_unconstrained
2018-09-04,5.0,2.0329744486114283,merton_unconstrained
2018-10-01,5.0,1.8553890544081364,merton_unconstrained
2018-11-01,5.0,1.6211456802735356,merton_unconstrained
2018-12-03,5.0,1.032721211555765,merton_unconstrained
2019-01-02,5.0,0.5999579198137767,merton_unconstrained
2019-02-01,5.0,0.5448444097933883,merton_unconstrained
2019-03-01,5.0,0.43028356975831006,merton_unconstrained
2019-04-01,5.0,0.48894018822222013,merton_unconstrained
2019-05-01,5.0,0.5672080754614898,merton_unconstrained
2019-06-03,5.0,0.2600441759023456,merton_unconstrained
2019-07-01,5.0,0.5301501635515614,merton_unconstrained
2019-08-01,5.0,0.5786534927329638,merton_unconstrained
2019-09-03,5.0,0.4182823723852883,merton_unconstrained
2019-10-01,5.0,0.5851700473701754,merton_unconstrained
2019-11-01,5.0,0.6244636355578925,merton_unconstrained
2019-12-02,5.0,0.66799782721567,merton_unconstrained
2020-01-02,5.0,0.8076422644858127,merton_unconstrained
2020-02-03,5.0,0.8860739085307258,merton_unconstrained
2020-03-02,5.0,0.64334841297337,merton_unconstrained
2020-04-01,5.0,0.4637909330568194,merton_unconstrained
2020-05-01,5.0,0.5684388599879002,merton_unconstrained
2020-06-01,5.0,0.530896897902971,merton_unconstrained
2020-07-01,5.0,0.6333058216193492,merton_unconstrained
2020-08-03,5.0,0.6999392672373485,merton_unconstrained
2020-09-01,5.0,0.7151935031358977,merton_unconstrained
2020-10-01,5.0,0.5920289830113583,merton_unconstrained
2020-11-02,5.0,0.5766969999195749,merton_unconstrained
2020-12-01,5.0,0.7679028706926926,merton_unconstrained
2021-01-04,5.0,0.958932498547534,merton_unconstrained
2021-02-01,5.0,0.9529503892220621,merton_unconstrained
2021-03-01,5.0,0.8423170340159138,merton_unconstrained
2021-04-01,5.0,0.7658146332503829,merton_unconstrained
2021-05-03,5.0,0.7499489318454357,merton_unconstrained
2021-06-01,5.0,0.8353318666696976,merton_unconstrained
2021-07-01,5.0,0.8216547666025191,merton_unconstrained
2021-08-02,5.0,0.8227609503279085,merton_unconstrained
2021-09-01,5.0,0.888699314192345,merton_unconstrained
2021-10-01,5.0,0.7827211346604678,merton_unconstrained
2021-11-01,5.0,0.7682317549152216,merton_unconstrained
2021-12-01,5.0,0.7649780968388411,merton_unconstrained
2022-01-03,5.0,0.7222193359230096,merton_unconstrained
2022-02-01,5.0,0.6816990530492762,merton_unconstrained
2022-03-01,5.0,0.7438378360330608,merton_unconstrained
2022-04-01,5.0,1.2124564114874734,merton_unconstrained
2022-05-02,5.0,0.9165218704114892,merton_unconstrained
2022-06-01,5.0,0.6956792264713124,merton_unconstrained
2022-07-01,5.0,0.47042106708801024,merton_unconstrained
2022-08-01,5.0,0.5816570362467118,merton_unconstrained
2022-09-01,5.0,0.2553394341828941,merton_unconstrained
2022-10-03,5.0,0.23280792229325295,merton_unconstrained
2022-11-01,5.0,0.33415069851544826,merton_unconstrained
2022-12-01,5.0,0.25133434829634155,merton_unconstrained
2023-01-03,5.0,-0.013163399151477325,merton_unconstrained
2023-02-01,5.0,0.10872267290315799,merton_unconstrained
2023-03-01,5.0,0.21766322247549988,merton_unconstrained
2023-04-03,5.0,0.3398689308335256,merton_unconstrained
2023-05-01,5.0,0.26404720625987954,merton_unconstrained
2023-06-01,5.0,0.3889371454978654,merton_unconstrained
2023-07-03,5.0,0.39079050106677227,merton_unconstrained
2023-08-01,5.0,0.33686400756697754,merton_unconstrained
2023-09-01,5.0,0.21974864820258433,merton_unconstrained
2023-10-02,5.0,0.19816771435215888,merton_unconstrained
2023-11-01,5.0,0.11450841869121668,merton_unconstrained
2023-12-01,5.0,0.18341957114804722,merton_unconstrained
2024-01-02,5.0,0.06834418476633533,merton_unconstrained
2024-02-01,5.0,0.15895092508680758,merton_unconstrained
2024-03-01,5.0,0.09382495476422878,merton_unconstrained
2024-04-01,5.0,-0.047530922509118285,merton_unconstrained
2024-05-01,5.0,0.08249111993339378,merton_unconstrained
2024-06-03,5.0,0.31998057624465875,merton_unconstrained
2024-07-01,5.0,0.5426630917652507,merton_unconstrained
2024-08-01,5.0,0.4715045382549374,merton_unconstrained
2024-09-03,5.0,0.49052562346891204,merton_unconstrained
2024-10-01,5.0,0.6428045817271946,merton_unconstrained
2024-11-01,5.0,0.6124172733327979,merton_unconstrained
2024-12-02,5.0,0.9360388730616095,merton_unconstrained
2025-01-02,5.0,1.4196059261520635,merton_unconstrained
2025-02-03,5.0,0.9577891905078244,merton_unconstrained
2025-03-03,5.0,1.0015469549533755,merton_unconstrained
2025-04-01,5.0,0.635714095889813,merton_unconstrained
2025-05-01,5.0,0.357533706856564,merton_unconstrained
2025-06-02,5.0,0.19502611627226735,merton_unconstrained
2025-07-01,5.0,0.13215723637616011,merton_unconstrained
2025-08-01,5.0,0.09276329042744241,merton_unconstrained
2025-09-02,5.0,0.34900614331685287,merton_unconstrained
2025-10-01,5.0,0.5228039387182823,merton_unconstrained
2025-11-03,5.0,0.6230919590765193,merton_unconstrained
2025-12-01,5.0,0.5113909727408301,merton_unconstrained
2018-02-01,5.0,1.0,merton_long_only
2018-03-01,5.0,1.0,merton_long_only
2018-04-02,5.0,1.0,merton_long_only
2018-05-01,5.0,1.0,merton_long_only
2018-06-01,5.0,1.0,merton_long_only
2018-07-02,5.0,1.0,merton_long_only
2018-08-01,5.0,1.0,merton_long_only
2018-09-04,5.0,1.0,merton_long_only
2018-10-01,5.0,1.0,merton_long_only
2018-11-01,5.0,1.0,merton_long_only
2018-12-03,5.0,1.0,merton_long_only
2019-01-02,5.0,0.5999579198137767,merton_long_only
2019-02-01,5.0,0.5448444097933883,merton_long_only
2019-03-01,5.0,0.43028356975831006,merton_long_only
2019-04-01,5.0,0.48894018822222013,merton_long_only
2019-05-01,5.0,0.5672080754614898,merton_long_only
2019-06-03,5.0,0.2600441759023456,merton_long_only
2019-07-01,5.0,0.5301501635515614,merton_long_only
2019-08-01,5.0,0.5786534927329638,merton_long_only
2019-09-03,5.0,0.4182823723852883,merton_long_only
2019-10-01,5.0,0.5851700473701754,merton_long_only
2019-11-01,5.0,0.6244636355578925,merton_long_only
2019-12-02,5.0,0.66799782721567,merton_long_only
2020-01-02,5.0,0.8076422644858127,merton_long_only
2020-02-03,5.0,0.8860739085307258,merton_long_only
2020-03-02,5.0,0.64334841297337,merton_long_only
2020-04-01,5.0,0.4637909330568194,merton_long_only
2020-05-01,5.0,0.5684388599879002,merton_long_only
2020-06-01,5.0,0.530896897902971,merton_long_only
2020-07-01,5.0,0.6333058216193492,merton_long_only
2020-08-03,5.0,0.6999392672373485,merton_long_only
2020-09-01,5.0,0.7151935031358977,merton_long_only
2020-10-01,5.0,0.5920289830113583,merton_long_only
2020-11-02,5.0,0.5766969999195749,merton_long_only
2020-12-01,5.0,0.7679028706926926,merton_long_only
2021-01-04,5.0,0.958932498547534,merton_long_only
2021-02-01,5.0,0.9529503892220621,merton_long_only
2021-03-01,5.0,0.8423170340159138,merton_long_only
2021-04-01,5.0,0.7658146332503829,merton_long_only
2021-05-03,5.0,0.7499489318454357,merton_long_only
2021-06-01,5.0,0.8353318666696976,merton_long_only
2021-07-01,5.0,0.8216547666025191,merton_long_only
2021-08-02,5.0,0.8227609503279085,merton_long_only
2021-09-01,5.0,0.888699314192345,merton_long_only
2021-10-01,5.0,0.7827211346604678,merton_long_only
2021-11-01,5.0,0.7682317549152216,merton_long_only
2021-12-01,5.0,0.7649780968388411,merton_long_only
2022-01-03,5.0,0.7222193359230096,merton_long_only
2022-02-01,5.0,0.6816990530492762,merton_long_only
2022-03-01,5.0,0.7438378360330608,merton_long_only
2022-04-01,5.0,1.0,merton_long_only
2022-05-02,5.0,0.9165218704114892,merton_long_only
2022-06-01,5.0,0.6956792264713124,merton_long_only
2022-07-01,5.0,0.47042106708801024,merton_long_only
2022-08-01,5.0,0.5816570362467118,merton_long_only
2022-09-01,5.0,0.2553394341828941,merton_long_only
2022-10-03,5.0,0.23280792229325295,merton_long_only
2022-11-01,5.0,0.33415069851544826,merton_long_only
2022-12-01,5.0,0.25133434829634155,merton_long_only
2023-01-03,5.0,0.0,merton_long_only
2023-02-01,5.0,0.10872267290315799,merton_long_only
2023-03-01,5.0,0.21766322247549988,merton_long_only
2023-04-03,5.0,0.3398689308335256,merton_long_only
2023-05-01,5.0,0.26404720625987954,merton_long_only
2023-06-01,5.0,0.3889371454978654,merton_long_only
2023-07-03,5.0,0.39079050106677227,merton_long_only
2023-08-01,5.0,0.33686400756697754,merton_long_only
2023-09-01,5.0,0.21974864820258433,merton_long_only
2023-10-02,5.0,0.19816771435215888,merton_long_only
2023-11-01,5.0,0.11450841869121668,merton_long_only
2023-12-01,5.0,0.18341957114804722,merton_long_only
2024-01-02,5.0,0.06834418476633533,merton_long_only
2024-02-01,5.0,0.15895092508680758,merton_long_only
2024-03-01,5.0,0.09382495476422878,merton_long_only
2024-04-01,5.0,0.0,merton_long_only
2024-05-01,5.0,0.08249111993339378,merton_long_only
2024-06-03,5.0,0.31998057624465875,merton_long_only
2024-07-01,5.0,0.5426630917652507,merton_long_only
2024-08-01,5.0,0.4715045382549374,merton_long_only
2024-09-03,5.0,0.49052562346891204,merton_long_only
2024-10-01,5.0,0.6428045817271946,merton_long_only
2024-11-01,5.0,0.6124172733327979,merton_long_only
2024-12-02,5.0,0.9360388730616095,merton_long_only
2025-01-02,5.0,1.0,merton_long_only
2025-02-03,5.0,0.9577891905078244,merton_long_only
2025-03-03,5.0,1.0,merton_long_only
2025-04-01,5.0,0.635714095889813,merton_long_only
2025-05-01,5.0,0.357533706856564,merton_long_only
2025-06-02,5.0,0.19502611627226735,merton_long_only
2025-07-01,5.0,0.13215723637616011,merton_long_only
2025-08-01,5.0,0.09276329042744241,merton_long_only
2025-09-02,5.0,0.34900614331685287,merton_long_only
2025-10-01,5.0,0.5228039387182823,merton_long_only
2025-11-03,5.0,0.6230919590765193,merton_long_only
2025-12-01,5.0,0.5113909727408301,merton_long_only
