decision_date,decision_idx,estimation_start,estimation_end,window_observations,mu_hat,sigma_hat,rf_annual,gamma,w_star,w_long_only
2018-02-01,523,2016-02-02,2018-01-31,504,0.31307763596898136,0.19091613206008837,0.0148,1.5,5.455620834972672,1.0
2018-02-01,523,2016-02-02,2018-01-31,504,0.31307763596898136,0.19091613206008837,0.0148,3.0,2.727810417486336,1.0
2018-02-01,523,2016-02-02,2018-01-31,504,0.31307763596898136,0.19091613206008837,0.0148,5.0,1.6366862504918014,1.0
2018-03-01,542,2016-03-01,2018-02-28,504,0.3433511737359818,0.19783689858881345,0.0163,1.5,5.570701177539333,1.0
2018-03-01,542,2016-03-01,2018-02-28,504,0.3433511737359818,0.19783689858881345,0.0163,3.0,2.7853505887696666,1.0
2018-03-01,542,2016-03-01,2018-02-28,504,0.3433511737359818,0.19783689858881345,0.0163,5.0,1.6712103532618,1.0
2018-04-02,563,2016-03-31,2018-03-29,504,0.2515724337439343,0.20086794473265834,0.0177,1.5,3.8642614654718037,1.0
2018-04-02,563,2016-03-31,2018-03-29,504,0.2515724337439343,0.20086794473265834,0.0177,3.0,1.9321307327359019,1.0
2018-04-02,563,2016-03-31,2018-03-29,504,0.2515724337439343,0.20086794473265834,0.0177,5.0,1.159278439641541,1.0
2018-05-01,584,2016-04-29,2018-04-30,504,0.31555445613748706,0.1976331556291187,0.018500000000000003,1.5,5.070201300727156,1.0
2018-05-01,584,2016-04-29,2018-04-30,504,0.31555445613748706,0.1976331556291187,0.018500000000000003,3.0,2.535100650363578,1.0
2018-05-01,584,2016-04-29,2018-04-30,504,0.31555445613748706,0.1976331556291187,0.018500000000000003,5.0,1.5210603902181465,1.0
2018-06-01,606,2016-06-01,2018-05-31,504,0.3502385260501704,0.1985923534035195,0.0192,1.5,5.595800667514432,1.0
2018-06-01,606,2016-06-01,2018-05-31,504,0.3502385260501704,0.1985923534035195,0.0192,3.0,2.797900333757216,1.0
2018-06-01,606,2016-06-01,2018-05-31,504,0.3502385260501704,0.1985923534035195,0.0192,5.0,1.6787402002543292,1.0
2018-07-02,627,2016-06-30,2018-06-29,504,0.3732827513571098,0.19688113459399612,0.019799999999999998,1.5,6.07951256934297,1.0
2018-07-02,627,2016-06-30,2018-06-29,504,0.3732827513571098,0.19688113459399612,0.019799999999999998,3.0,3.039756284671485,1.0
2018-07-02,627,2016-06-30,2018-06-29,504,0.3732827513571098,0.19688113459399612,0.019799999999999998,5.0,1.8238537708028908,1.0
2018-08-01,648,2016-08-01,2018-07-31,504,0.3368233866628341,0.19264372408790012,0.0203,1.5,5.68597327835791,1.0
2018-08-01,648,2016-08-01,2018-07-31,504,0.3368233866628341,0.19264372408790012,0.0203,3.0,2.842986639178955,1.0
2018-08-01,648,2016-08-01,2018-07-31,504,0.3368233866628341,0.19264372408790012,0.0203,5.0,1.705791983507373,1.0
2018-09-04,671,2016-09-01,2018-08-31,504,0.41739969625739315,0.1974018836090189,0.0213,1.5,6.7765814953714285,1.0
2018-09-04,671,2016-09-01,2018-08-31,504,0.41739969625739315,0.1974018836090189,0.0213,3.0,3.3882907476857143,1.0
2018-09-04,671,2016-09-01,2018-08-31,504,0.41739969625739315,0.1974018836090189,0.0213,5.0,2.0329744486114283,1.0
2018-10-01,690,2016-09-29,2018-09-28,504,0.3771856145232808,0.19558777238823832,0.0223,1.5,6.184630181360454,1.0
2018-10-01,690,2016-09-29,2018-09-28,504,0.3771856145232808,0.19558777238823832,0.0223,3.0,3.092315090680227,1.0
2018-10-01,690,2016-09-29,2018-09-28,504,0.3771856145232808,0.19558777238823832,0.0223,5.0,1.8553890544081364,1.0
2018-11-01,713,2016-11-01,2018-10-31,504,0.3654996042352449,0.20549779897154216,0.0232,1.5,5.403818934245118,1.0
2018-11-01,713,2016-11-01,2018-10-31,504,0.3654996042352449,0.20549779897154216,0.0232,3.0,2.701909467122559,1.0
2018-11-01,713,2016-11-01,2018-10-31,504,0.3654996042352449,0.20549779897154216,0.0232,5.0,1.6211456802735356,1.0
2018-12-03,734,2016-12-01,2018-11-30,504,0.28017254056996294,0.22282258218132678,0.023799999999999998,1.5,3.4424040385192165,1.0
2018-12-03,734,2016-12-01,2018-11-30,504,0.28017254056996294,0.22282258218132678,0.023799999999999998,3.0,1.7212020192596083,1.0
2018-12-03,734,2016-12-01,2018-11-30,504,0.28017254056996294,0.22282258218132678,0.023799999999999998,5.0,1.032721211555765,1.0
2019-01-02,753,2016-12-29,2018-12-31,504,0.1941717908516809,0.2380362104308251,0.0242,1.5,1.9998597327125889,1.0
2019-01-02,753,2016-12-29,2018-12-31,504,0.1941717908516809,0.2380362104308251,0.0242,3.0,0.9999298663562944,0.9999298663562944
2019-01-02,753,2016-12-29,2018-12-31,504,0.1941717908516809,0.2380362104308251,0.0242,5.0,0.5999579198137767,0.5999579198137767
2019-02-01,774,2017-01-31,2019-01-31,504,0.20557984476358818,0.2581740385776763,0.024,1.5,1.8161480326446275,1.0
2019-02-01,774,2017-01-31,2019-01-31,504,0.20557984476358818,0.2581740385776763,0.024,3.0,0.9080740163223138,0.9080740163223138
2019-02-01,774,2017-01-31,2019-01-31,504,0.20557984476358818,0.2581740385776763,0.024,5.0,0.5448444097933883,0.5448444097933883
2019-03-01,793,2017-02-28,2019-02-28,504,0.16555263395037062,0.25614277462806717,0.024399999999999998,1.5,1.4342785658610337,1.0
2019-03-01,793,2017-02-28,2019-02-28,504,0.16555263395037062,0.25614277462806717,0.024399999999999998,3.0,0.7171392829305169,0.7171392829305169
2019-03-01,793,2017-02-28,2019-02-28,504,0.16555263395037062,0.25614277462806717,0.024399999999999998,5.0,0.43028356975831006,0.43028356975831006
2019-04-01,814,2017-03-29,2019-03-29,504,0.18806710776067148,0.25882157145056756,0.024300000000000002,1.5,1.6298006274074006,1.0
2019-04-01,814,2017-03-29,2019-03-29,504,0.18806710776067148,0.25882157145056756,0.024300000000000002,3.0,0.8149003137037003,0.8149003137037003
2019-04-01,814,2017-03-29,2019-03-29,504,0.18806710776067148,0.25882157145056756,0.024300000000000002,5.0,0.48894018822222013,0.48894018822222013
2019-05-01,835,2017-04-28,2019-04-30,504,0.21582410279477532,0.2598696212280745,0.024300000000000002,1.5,1.8906935848716329,1.0
2019-05-01,835,2017-04-28,2019-04-30,504,0.21582410279477532,0.2598696212280745,0.024300000000000002,3.0,0.9453467924358164,0.9453467924358164
2019-05-01,835,2017-04-28,2019-04-30,504,0.21582410279477532,0.2598696212280745,0.024300000000000002,5.0,0.5672080754614898,0.5672080754614898
2019-06-03,857,2017-05-31,2019-05-31,504,0.11604285514762211,0.2667859039502854,0.0235,1.5,0.8668139196744853,0.8668139196744853
2019-06-03,857,2017-05-31,2019-05-31,504,0.11604285514762211,0.2667859039502854,0.0235,3.0,0.43340695983724264,0.43340695983724264
2019-06-03,857,2017-05-31,2019-05-31,504,0.11604285514762211,0.2667859039502854,0.0235,5.0,0.2600441759023456,0.2600441759023456
2019-07-01,877,2017-06-28,2019-06-28,504,0.21082852718579298,0.2668297954835417,0.022099999999999998,1.5,1.7671672118385378,1.0
2019-07-01,877,2017-06-28,2019-06-28,504,0.21082852718579298,0.2668297954835417,0.022099999999999998,3.0,0.8835836059192689,0.8835836059192689
2019-07-01,877,2017-06-28,2019-06-28,504,0.21082852718579298,0.2668297954835417,0.022099999999999998,5.0,0.5301501635515614,0.5301501635515614
2019-08-01,899,2017-07-31,2019-07-31,504,0.22822051224080595,0.2678158177654872,0.0207,1.5,1.928844975776546,1.0
2019-08-01,899,2017-07-31,2019-07-31,504,0.22822051224080595,0.2678158177654872,0.0207,3.0,0.964422487888273,0.964422487888273
2019-08-01,899,2017-07-31,2019-07-31,504,0.22822051224080595,0.2678158177654872,0.0207,5.0,0.5786534927329638,0.5786534927329638
2019-09-03,921,2017-08-30,2019-08-30,504,0.17664634152638087,0.2738529433957368,0.019799999999999998,1.5,1.3942745746176277,1.0
2019-09-03,921,2017-08-30,2019-08-30,504,0.17664634152638087,0.2738529433957368,0.019799999999999998,3.0,0.6971372873088139,0.6971372873088139
2019-09-03,921,2017-08-30,2019-08-30,504,0.17664634152638087,0.2738529433957368,0.019799999999999998,5.0,0.4182823723852883,0.4182823723852883
2019-10-01,941,2017-09-28,2019-09-30,504,0.23956573819677496,0.2750610875214925,0.0182,1.5,1.9505668245672512,1.0
2019-10-01,941,2017-09-28,2019-09-30,504,0.23956573819677496,0.2750610875214925,0.0182,3.0,0.9752834122836256,0.9752834122836256
2019-10-01,941,2017-09-28,2019-09-30,504,0.23956573819677496,0.2750610875214925,0.0182,5.0,0.5851700473701754,0.5851700473701754
2019-11-01,964,2017-10-31,2019-10-31,504,0.25344026517227325,0.27622882951803135,0.0152,1.5,2.081545451859642,1.0
2019-11-01,964,2017-10-31,2019-10-31,504,0.25344026517227325,0.27622882951803135,0.0152,3.0,1.040772725929821,1.0
2019-11-01,964,2017-10-31,2019-10-31,504,0.25344026517227325,0.27622882951803135,0.0152,5.0,0.6244636355578925,0.6244636355578925
2019-12-02,984,2017-11-29,2019-11-29,504,0.2702065855140362,0.27588041558389115,0.016,1.5,2.226659424052233,1.0
2019-12-02,984,2017-11-29,2019-11-29,504,0.2702065855140362,0.27588041558389115,0.016,3.0,1.1133297120261165,1.0
2019-12-02,984,2017-11-29,2019-11-29,504,0.2702065855140362,0.27588041558389115,0.016,5.0,0.66799782721567,0.66799782721567
2020-01-02,1005,2017-12-29,2019-12-31,504,0.32313960293393085,0.27605598895933636,0.0154,1.5,2.6921408816193755,1.0
2020-01-02,1005,2017-12-29,2019-12-31,504,0.32313960293393085,0.27605598895933636,0.0154,3.0,1.3460704408096877,1.0
2020-01-02,1005,2017-12-29,2019-12-31,504,0.32313960293393085,0.27605598895933636,0.0154,5.0,0.8076422644858127,0.8076422644858127
2020-02-03,1026,2018-01-31,2020-01-31,504,0.3626515608421679,0.2798429990257098,0.015700000000000002,1.5,2.9535796951024196,1.0
2020-02-03,1026,2018-01-31,2020-01-31,504,0.3626515608421679,0.2798429990257098,0.015700000000000002,3.0,1.4767898475512098,1.0
2020-02-03,1026,2018-01-31,2020-01-31,504,0.3626515608421679,0.2798429990257098,0.015700000000000002,5.0,0.8860739085307258,0.8860739085307258
2020-03-02,1045,2018-02-28,2020-02-28,504,0.2672511833233957,0.28207880279477704,0.0113,1.5,2.1444947099112333,1.0
2020-03-02,1045,2018-02-28,2020-02-28,504,0.2672511833233957,0.28207880279477704,0.0113,3.0,1.0722473549556166,1.0
2020-03-02,1045,2018-02-28,2020-02-28,504,0.2672511833233957,0.28207880279477704,0.0113,5.0,0.64334841297337,0.64334841297337
2020-04-01,1067,2018-04-02,2020-03-31,504,0.28273722829155273,0.3486206035018541,0.0009,1.5,1.5459697768560645,1.0
2020-04-01,1067,2018-04-02,2020-03-31,504,0.28273722829155273,0.3486206035018541,0.0009,3.0,0.7729848884280323,0.7729848884280323
2020-04-01,1067,2018-04-02,2020-03-31,504,0.28273722829155273,0.3486206035018541,0.0009,5.0,0.4637909330568194,0.4637909330568194
2020-05-01,1088,2018-05-01,2020-04-30,504,0.3659070136679683,0.3582161612793921,0.0012,1.5,1.8947961999596672,1.0
2020-05-01,1088,2018-05-01,2020-04-30,504,0.3659070136679683,0.3582161612793921,0.0012,3.0,0.9473980999798336,0.9473980999798336
2020-05-01,1088,2018-05-01,2020-04-30,504,0.3659070136679683,0.3582161612793921,0.0012,5.0,0.5684388599879002,0.5684388599879002
2020-06-01,1108,2018-05-30,2020-05-29,504,0.3402966671092376,0.35730866876007905,0.0014000000000000002,1.5,1.7696563263432366,1.0
2020-06-01,1108,2018-05-30,2020-05-29,504,0.3402966671092376,0.35730866876007905,0.0014000000000000002,3.0,0.8848281631716183,0.8848281631716183
2020-06-01,1108,2018-05-30,2020-05-29,504,0.3402966671092376,0.35730866876007905,0.0014000000000000002,5.0,0.530896897902971,0.530896897902971
2020-07-01,1130,2018-06-29,2020-06-30,504,0.41730464172644793,0.36241414629984214,0.0014000000000000002,1.5,2.111019405397831,1.0
2020-07-01,1130,2018-06-29,2020-06-30,504,0.41730464172644793,0.36241414629984214,0.0014000000000000002,3.0,1.0555097026989155,1.0
2020-07-01,1130,2018-06-29,2020-06-30,504,0.41730464172644793,0.36241414629984214,0.0014000000000000002,5.0,0.6333058216193492,0.6333058216193492
2020-08-03,1152,2018-08-01,2020-07-31,504,0.48436014335917726,0.37163810501640276,0.001,1.5,2.3331308907911614,1.0
2020-08-03,1152,2018-08-01,2020-07-31,504,0.48436014335917726,0.37163810501640276,0.001,3.0,1.1665654453955807,1.0
2020-08-03,1152,2018-08-01,2020-07-31,504,0.48436014335917726,0.37163810501640276,0.001,5.0,0.6999392672373485,0.6999392672373485
2020-09-01,1173,2018-08-30,2020-08-31,504,0.5023791481581125,0.37436885773158096,0.0012,1.5,2.383978343786326,1.0
2020-09-01,1173,2018-08-30,2020-08-31,504,0.5023791481581125,0.37436885773158096,0.0012,3.0,1.191989171893163,1.0
2020-09-01,1173,2018-08-30,2020-08-31,504,0.5023791481581125,0.37436885773158096,0.0012,5.0,0.7151935031358977,0.7151935031358977
2020-10-01,1194,2018-10-01,2020-09-30,504,0.4475022022228603,0.3884221106295323,0.0009,1.5,1.9734299433711946,1.0
2020-10-01,1194,2018-10-01,2020-09-30,504,0.4475022022228603,0.3884221106295323,0.0009,3.0,0.9867149716855973,0.9867149716855973
2020-10-01,1194,2018-10-01,2020-09-30,504,0.4475022022228603,0.3884221106295323,0.0009,5.0,0.5920289830113583,0.5920289830113583
2020-11-02,1216,2018-10-31,2020-10-30,504,0.44678075702359943,0.39323350715292377,0.0009,1.5,1.92232333306525,1.0
2020-11-02,1216,2018-10-31,2020-10-30,504,0.44678075702359943,0.39323350715292377,0.0009,3.0,0.961161666532625,0.961161666532625
2020-11-02,1216,2018-10-31,2020-10-30,504,0.44678075702359943,0.39323350715292377,0.0009,5.0,0.5766969999195749,0.5766969999195749
2020-12-01,1236,2018-11-29,2020-11-30,504,0.5696588719682301,0.3848805321467918,0.0009,1.5,2.5596762356423084,1.0
2020-12-01,1236,2018-11-29,2020-11-30,504,0.5696588719682301,0.3848805321467918,0.0009,3.0,1.2798381178211542,1.0
2020-12-01,1236,2018-11-29,2020-11-30,504,0.5696588719682301,0.3848805321467918,0.0009,5.0,0.7679028706926926,0.7679028706926926
2021-01-04,1258,2019-01-03,2020-12-31,504,0.689696509201763,0.37902377076343746,0.0009,1.5,3.1964416618251135,1.0
2021-01-04,1258,2019-01-03,2020-12-31,504,0.689696509201763,0.37902377076343746,0.0009,3.0,1.5982208309125567,1.0
2021-01-04,1258,2019-01-03,2020-12-31,504,0.689696509201763,0.37902377076343746,0.0009,5.0,0.958932498547534,0.958932498547534
2021-02-01,1277,2019-01-31,2021-01-29,504,0.661796304880511,0.3724879405160685,0.0007000000000000001,1.5,3.1765012974068734,1.0
2021-02-01,1277,2019-01-31,2021-01-29,504,0.661796304880511,0.3724879405160685,0.0007000000000000001,3.0,1.5882506487034367,1.0
2021-02-01,1277,2019-01-31,2021-01-29,504,0.661796304880511,0.3724879405160685,0.0007000000000000001,5.0,0.9529503892220621,0.9529503892220621
2021-03-01,1296,2019-02-28,2021-02-26,504,0.5905022492136645,0.37428639378622314,0.0005,1.5,2.807723446719713,1.0
2021-03-01,1296,2019-02-28,2021-02-26,504,0.5905022492136645,0.37428639378622314,0.0005,3.0,1.4038617233598565,1.0
2021-03-01,1296,2019-02-28,2021-02-26,504,0.5905022492136645,0.37428639378622314,0.0005,5.0,0.8423170340159138,0.8423170340159138
2021-04-01,1319,2019-04-02,2021-03-31,504,0.5513376979459305,0.3793876823488252,0.0002,1.5,2.552715444167943,1.0
2021-04-01,1319,2019-04-02,2021-03-31,504,0.5513376979459305,0.3793876823488252,0.0002,3.0,1.2763577220839715,1.0
2021-04-01,1319,2019-04-02,2021-03-31,504,0.5513376979459305,0.3793876823488252,0.0002,5.0,0.7658146332503829,0.7658146332503829
2021-05-03,1340,2019-05-02,2021-04-30,504,0.5400261703141711,0.37935486163859583,0.0004,1.5,2.499829772818119,1.0
2021-05-03,1340,2019-05-02,2021-04-30,504,0.5400261703141711,0.37935486163859583,0.0004,3.0,1.2499148864090595,1.0
2021-05-03,1340,2019-05-02,2021-04-30,504,0.5400261703141711,0.37935486163859583,0.0004,5.0,0.7499489318454357,0.7499489318454357
2021-06-01,1360,2019-05-31,2021-05-28,504,0.5944350376916518,0.3771938480043062,0.0002,1.5,2.784439555565659,1.0
2021-06-01,1360,2019-05-31,2021-05-28,504,0.5944350376916518,0.3771938480043062,0.0002,3.0,1.3922197777828296,1.0
2021-06-01,1360,2019-05-31,2021-05-28,504,0.5944350376916518,0.3771938480043062,0.0002,5.0,0.8353318666696976,0.8353318666696976
2021-07-01,1382,2019-07-02,2021-06-30,504,0.5797619891292144,0.3754981692597796,0.0005,1.5,2.738849222008397,1.0
2021-07-01,1382,2019-07-02,2021-06-30,504,0.5797619891292144,0.3754981692597796,0.0005,3.0,1.3694246110041985,1.0
2021-07-01,1382,2019-07-02,2021-06-30,504,0.5797619891292144,0.3754981692597796,0.0005,5.0,0.8216547666025191,0.8216547666025191
2021-08-02,1403,2019-08-01,2021-07-30,504,0.5839318390053628,0.3765938514498849,0.0005,1.5,2.7425365010930283,1.0
2021-08-02,1403,2019-08-01,2021-07-30,504,0.5839318390053628,0.3765938514498849,0.0005,3.0,1.3712682505465141,1.0
2021-08-02,1403,2019-08-01,2021-07-30,504,0.5839318390053628,0.3765938514498849,0.0005,5.0,0.8227609503279085,0.8227609503279085
2021-09-01,1425,2019-09-03,2021-08-31,504,0.6107985622866934,0.37060284484404854,0.0005,1.5,2.9623310473078166,1.0
2021-09-01,1425,2019-09-03,2021-08-31,504,0.6107985622866934,0.37060284484404854,0.0005,3.0,1.4811655236539083,1.0
2021-09-01,1425,2019-09-03,2021-08-31,504,0.6107985622866934,0.37060284484404854,0.0005,5.0,0.888699314192345,0.888699314192345
2021-10-01,1446,2019-10-02,2021-09-30,504,0.5391284570319661,0.37101923523304703,0.0004,1.5,2.6090704488682257,1.0
2021-10-01,1446,2019-10-02,2021-09-30,504,0.5391284570319661,0.37101923523304703,0.0004,3.0,1.3045352244341129,1.0
2021-10-01,1446,2019-10-02,2021-09-30,504,0.5391284570319661,0.37101923523304703,0.0004,5.0,0.7827211346604678,0.7827211346604678
2021-11-01,1467,2019-10-31,2021-10-29,504,0.5274695855307782,0.3703920406632978,0.0005,1.5,2.5607725163840724,1.0
2021-11-01,1467,2019-10-31,2021-10-29,504,0.5274695855307782,0.3703920406632978,0.0005,3.0,1.2803862581920362,1.0
2021-11-01,1467,2019-10-31,2021-10-29,504,0.5274695855307782,0.3703920406632978,0.0005,5.0,0.7682317549152216,0.7682317549152216
2021-12-01,1488,2019-12-02,2021-11-30,504,0.5294396509464885,0.3718369144575794,0.0006,1.5,2.5499269894628034,1.0
2021-12-01,1488,2019-12-02,2021-11-30,504,0.5294396509464885,0.3718369144575794,0.0006,3.0,1.2749634947314017,1.0
2021-12-01,1488,2019-12-02,2021-11-30,504,0.5294396509464885,0.3718369144575794,0.0006,5.0,0.7649780968388411,0.7649780968388411
2022-01-03,1510,2020-01-03,2021-12-31,504,0.5079486376998704,0.3747555502891213,0.0008,1.5,2.4073977864100318,1.0
2022-01-03,1510,2020-01-03,2021-12-31,504,0.5079486376998704,0.3747555502891213,0.0008,3.0,1.2036988932050159,1.0
2022-01-03,1510,2020-01-03,2021-12-31,504,0.5079486376998704,0.3747555502891213,0.0008,5.0,0.7222193359230096,0.7222193359230096
2022-02-01,1530,2020-02-03,2022-01-31,504,0.48576820834239504,0.37677510257260843,0.0019,1.5,2.272330176830921,1.0
2022-02-01,1530,2020-02-03,2022-01-31,504,0.48576820834239504,0.37677510257260843,0.0019,3.0,1.1361650884154606,1.0
2022-02-01,1530,2020-02-03,2022-01-31,504,0.48576820834239504,0.37677510257260843,0.0019,5.0,0.6816990530492762,0.6816990530492762
2022-03-01,1549,2020-03-02,2022-02-28,504,0.5169846019011748,0.37167761640636376,0.0032,1.5,2.4794594534435364,1.0
2022-03-01,1549,2020-03-02,2022-02-28,504,0.5169846019011748,0.37167761640636376,0.0032,3.0,1.2397297267217682,1.0
2022-03-01,1549,2020-03-02,2022-02-28,504,0.5169846019011748,0.37167761640636376,0.0032,5.0,0.7438378360330608,0.7438378360330608
2022-04-01,1572,2020-04-02,2022-03-31,504,0.5870148714896922,0.3097683296564043,0.0053,1.5,4.041521371624911,1.0
2022-04-01,1572,2020-04-02,2022-03-31,504,0.5870148714896922,0.3097683296564043,0.0053,3.0,2.0207606858124554,1.0
2022-04-01,1572,2020-04-02,2022-03-31,504,0.5870148714896922,0.3097683296564043,0.0053,5.0,1.2124564114874734,1.0
2022-05-02,1592,2020-05-01,2022-04-29,504,0.4352136247073359,0.30497008849682233,0.009000000000000001,1.5,3.0550729013716316,1.0
2022-05-02,1592,2020-05-01,2022-04-29,504,0.4352136247073359,0.30497008849682233,0.009000000000000001,3.0,1.5275364506858158,1.0
2022-05-02,1592,2020-05-01,2022-04-29,504,0.4352136247073359,0.30497008849682233,0.009000000000000001,5.0,0.9165218704114892,0.9165218704114892
2022-06-01,1613,2020-06-02,2022-05-31,504,0.3644862924452599,0.3185586488129044,0.0115,1.5,2.318930754904375,1.0
2022-06-01,1613,2020-06-02,2022-05-31,504,0.3644862924452599,0.3185586488129044,0.0115,3.0,1.1594653774521875,1.0
2022-06-01,1613,2020-06-02,2022-05-31,504,0.3644862924452599,0.3185586488129044,0.0115,5.0,0.6956792264713124,0.6956792264713124
2022-07-01,1634,2020-07-01,2022-06-30,504,0.2603027610603397,0.321423200056537,0.0173,1.5,1.5680702236267008,1.0
2022-07-01,1634,2020-07-01,2022-06-30,504,0.2603027610603397,0.321423200056537,0.0173,3.0,0.7840351118133504,0.7840351118133504
2022-07-01,1634,2020-07-01,2022-06-30,504,0.2603027610603397,0.321423200056537,0.0173,5.0,0.47042106708801024,0.47042106708801024
2022-08-01,1654,2020-07-30,2022-07-29,504,0.326087668733269,0.32143623458796755,0.0256,1.5,1.9388567874890392,1.0
2022-08-01,1654,2020-07-30,2022-07-29,504,0.326087668733269,0.32143623458796755,0.0256,3.0,0.9694283937445196,0.9694283937445196
2022-08-01,1654,2020-07-30,2022-07-29,504,0.326087668733269,0.32143623458796755,0.0256,5.0,0.5816570362467118,0.5816570362467118
2022-09-01,1677,2020-09-01,2022-08-31,504,0.15308235935361203,0.31087270156763336,0.0297,1.5,0.8511314472763137,0.8511314472763137
2022-09-01,1677,2020-09-01,2022-08-31,504,0.15308235935361203,0.31087270156763336,0.0297,3.0,0.42556572363815687,0.42556572363815687
2022-09-01,1677,2020-09-01,2022-08-31,504,0.15308235935361203,0.31087270156763336,0.0297,5.0,0.2553394341828941,0.2553394341828941
2022-10-03,1698,2020-10-01,2022-09-30,504,0.13938397856279813,0.3000292265777426,0.0346,1.5,0.7760264076441764,0.7760264076441764
2022-10-03,1698,2020-10-01,2022-09-30,504,0.13938397856279813,0.3000292265777426,0.0346,3.0,0.3880132038220882,0.3880132038220882
2022-10-03,1698,2020-10-01,2022-09-30,504,0.13938397856279813,0.3000292265777426,0.0346,5.0,0.23280792229325295,0.23280792229325295
2022-11-01,1719,2020-10-30,2022-10-31,504,0.19381687883653542,0.3011440722784955,0.042300000000000004,1.5,1.1138356617181606,1.0
2022-11-01,1719,2020-10-30,2022-10-31,504,0.19381687883653542,0.3011440722784955,0.042300000000000004,3.0,0.5569178308590803,0.5569178308590803
2022-11-01,1719,2020-10-30,2022-10-31,504,0.19381687883653542,0.3011440722784955,0.042300000000000004,5.0,0.33415069851544826,0.33415069851544826
2022-12-01,1740,2020-12-01,2022-11-30,504,0.16221609707643997,0.30761633868047517,0.0433,1.5,0.8377811609878052,0.8377811609878052
2022-12-01,1740,2020-12-01,2022-11-30,504,0.16221609707643997,0.30761633868047517,0.0433,3.0,0.4188905804939026,0.4188905804939026
2022-12-01,1740,2020-12-01,2022-11-30,504,0.16221609707643997,0.30761633868047517,0.0433,5.0,0.25133434829634155,0.25133434829634155
2023-01-03,1761,2020-12-31,2022-12-30,504,0.0390523776758082,0.3080976293078844,0.0453,1.5,-0.04387799717159109,0.0
2023-01-03,1761,2020-12-31,2022-12-30,504,0.0390523776758082,0.3080976293078844,0.0453,3.0,-0.021938998585795545,0.0
2023-01-03,1761,2020-12-31,2022-12-30,504,0.0390523776758082,0.3080976293078844,0.0453,5.0,-0.013163399151477325,0.0
2023-02-01,1781,2021-02-01,2023-01-31,504,0.09682725648991809,0.303965760172598,0.0466,1.5,0.36240890967719325,0.36240890967719325
2023-02-01,1781,2021-02-01,2023-01-31,504,0.09682725648991809,0.303965760172598,0.0466,3.0,0.18120445483859662,0.18120445483859662
2023-02-01,1781,2021-02-01,2023-01-31,504,0.09682725648991809,0.303965760172598,0.0466,5.0,0.10872267290315799,0.10872267290315799
2023-03-01,1800,2021-03-01,2023-02-28,504,0.15004642159753745,0.30470735666297855,0.049,1.5,0.7255440749183328,0.7255440749183328
2023-03-01,1800,2021-03-01,2023-02-28,504,0.15004642159753745,0.30470735666297855,0.049,3.0,0.3627720374591664,0.3627720374591664
2023-03-01,1800,2021-03-01,2023-02-28,504,0.15004642159753745,0.30470735666297855,0.049,5.0,0.21766322247549988,0.21766322247549988
2023-04-03,1823,2021-04-01,2023-03-31,504,0.2006465087893718,0.2987276850552253,0.049,1.5,1.132896436111752,1.0
2023-04-03,1823,2021-04-01,2023-03-31,504,0.2006465087893718,0.2987276850552253,0.049,3.0,0.566448218055876,0.566448218055876
2023-04-03,1823,2021-04-01,2023-03-31,504,0.2006465087893718,0.2987276850552253,0.049,5.0,0.3398689308335256,0.3398689308335256
2023-05-01,1842,2021-04-29,2023-04-28,504,0.17002145913297315,0.2981006597925926,0.0527,1.5,0.8801573541995985,0.8801573541995985
2023-05-01,1842,2021-04-29,2023-04-28,504,0.17002145913297315,0.2981006597925926,0.0527,3.0,0.44007867709979925,0.44007867709979925
2023-05-01,1842,2021-04-29,2023-04-28,504,0.17002145913297315,0.2981006597925926,0.0527,5.0,0.26404720625987954,0.26404720625987954
2023-06-01,1864,2021-06-01,2023-05-31,504,0.22596947271386464,0.29650674192524407,0.055,1.5,1.296457151659551,1.0
2023-06-01,1864,2021-06-01,2023-05-31,504,0.22596947271386464,0.29650674192524407,0.055,3.0,0.6482285758297756,0.6482285758297756
2023-06-01,1864,2021-06-01,2023-05-31,504,0.22596947271386464,0.29650674192524407,0.055,5.0,0.3889371454978654,0.3889371454978654
2023-07-03,1885,2021-06-30,2023-06-30,504,0.22606547826654377,0.29640428811582586,0.054400000000000004,1.5,1.3026350035559076,1.0
2023-07-03,1885,2021-06-30,2023-06-30,504,0.22606547826654377,0.29640428811582586,0.054400000000000004,3.0,0.6513175017779538,0.6513175017779538
2023-07-03,1885,2021-06-30,2023-06-30,504,0.22606547826654377,0.29640428811582586,0.054400000000000004,5.0,0.39079050106677227,0.39079050106677227
2023-08-01,1905,2021-07-29,2023-07-31,504,0.20093377860357914,0.2939473809642658,0.0554,1.5,1.1228800252232585,1.0
2023-08-01,1905,2021-07-29,2023-07-31,504,0.20093377860357914,0.2939473809642658,0.0554,3.0,0.5614400126116292,0.5614400126116292
2023-08-01,1905,2021-07-29,2023-07-31,504,0.20093377860357914,0.2939473809642658,0.0554,5.0,0.33686400756697754,0.33686400756697754
2023-09-01,1928,2021-08-31,2023-08-31,504,0.15203728571402192,0.2967213802869375,0.0553,1.5,0.7324954940086145,0.7324954940086145
2023-09-01,1928,2021-08-31,2023-08-31,504,0.15203728571402192,0.2967213802869375,0.0553,3.0,0.36624774700430723,0.36624774700430723
2023-09-01,1928,2021-08-31,2023-08-31,504,0.15203728571402192,0.2967213802869375,0.0553,5.0,0.21974864820258433,0.21974864820258433
2023-10-02,1948,2021-09-29,2023-09-29,504,0.1438106785481403,0.29735624897003265,0.0562,1.5,0.6605590478405297,0.6605590478405297
2023-10-02,1948,2021-09-29,2023-09-29,504,0.1438106785481403,0.29735624897003265,0.0562,3.0,0.33027952392026483,0.33027952392026483
2023-10-02,1948,2021-09-29,2023-09-29,504,0.1438106785481403,0.29735624897003265,0.0562,5.0,0.19816771435215888,0.19816771435215888
2023-11-01,1970,2021-10-29,2023-10-31,504,0.10620043534876453,0.2969913840001888,0.0557,1.5,0.3816947289707222,0.3816947289707222
2023-11-01,1970,2021-10-29,2023-10-31,504,0.10620043534876453,0.2969913840001888,0.0557,3.0,0.1908473644853611,0.1908473644853611
2023-11-01,1970,2021-10-29,2023-10-31,504,0.10620043534876453,0.2969913840001888,0.0557,5.0,0.11450841869121668,0.11450841869121668
2023-12-01,1991,2021-11-30,2023-11-30,504,0.13438903423232584,0.2955144279224916,0.054299999999999994,1.5,0.6113985704934907,0.6113985704934907
2023-12-01,1991,2021-11-30,2023-11-30,504,0.13438903423232584,0.2955144279224916,0.054299999999999994,3.0,0.30569928524674533,0.30569928524674533
2023-12-01,1991,2021-11-30,2023-11-30,504,0.13438903423232584,0.2955144279224916,0.054299999999999994,5.0,0.18341957114804722,0.18341957114804722
2024-01-02,2011,2021-12-29,2023-12-29,504,0.08330552870335169,0.28983243744788884,0.0546,1.5,0.22781394922111772,0.22781394922111772
2024-01-02,2011,2021-12-29,2023-12-29,504,0.08330552870335169,0.28983243744788884,0.0546,3.0,0.11390697461055886,0.11390697461055886
2024-01-02,2011,2021-12-29,2023-12-29,504,0.08330552870335169,0.28983243744788884,0.0546,5.0,0.06834418476633533,0.06834418476633533
2024-02-01,2032,2022-01-28,2024-01-31,504,0.12131309372871832,0.2905943040646932,0.0542,1.5,0.5298364169560253,0.5298364169560253
2024-02-01,2032,2022-01-28,2024-01-31,504,0.12131309372871832,0.2905943040646932,0.0542,3.0,0.2649182084780127,0.2649182084780127
2024-02-01,2032,2022-01-28,2024-01-31,504,0.12131309372871832,0.2905943040646932,0.0542,5.0,0.15895092508680758,0.15895092508680758
2024-03-01,2052,2022-02-28,2024-02-29,504,0.09186764465961472,0.28336098165864976,0.0542,1.5,0.3127498492140959,0.3127498492140959
2024-03-01,2052,2022-02-28,2024-02-29,504,0.09186764465961472,0.28336098165864976,0.0542,3.0,0.15637492460704794,0.15637492460704794
2024-03-01,2052,2022-02-28,2024-02-29,504,0.09186764465961472,0.28336098165864976,0.0542,5.0,0.09382495476422878,0.09382495476422878
2024-04-01,2072,2022-03-28,2024-03-28,504,0.03568882569284811,0.280593365669751,0.054400000000000004,1.5,-0.15843640836372763,0.0
2024-04-01,2072,2022-03-28,2024-03-28,504,0.03568882569284811,0.280593365669751,0.054400000000000004,3.0,-0.07921820418186382,0.0
2024-04-01,2072,2022-03-28,2024-03-28,504,0.03568882569284811,0.280593365669751,0.054400000000000004,5.0,-0.047530922509118285,0.0
2024-05-01,2094,2022-04-28,2024-04-30,504,0.08664304235142964,0.27872650544342853,0.0546,1.5,0.2749703997779793,0.2749703997779793
2024-05-01,2094,2022-04-28,2024-04-30,504,0.08664304235142964,0.27872650544342853,0.0546,3.0,0.13748519988898966,0.13748519988898966
2024-05-01,2094,2022-04-28,2024-04-30,504,0.08664304235142964,0.27872650544342853,0.0546,5.0,0.08249111993339378,0.08249111993339378
2024-06-03,2116,2022-05-31,2024-05-31,504,0.1653225379402703,0.2623561781003641,0.0552,1.5,1.066601920815529,1.0
2024-06-03,2116,2022-05-31,2024-05-31,504,0.1653225379402703,0.2623561781003641,0.0552,3.0,0.5333009604077645,0.5333009604077645
2024-06-03,2116,2022-05-31,2024-05-31,504,0.1653225379402703,0.2623561781003641,0.0552,5.0,0.31998057624465875,0.31998057624465875
2024-07-01,2135,2022-06-28,2024-06-28,504,0.23765160983644018,0.259667725025951,0.0547,1.5,1.8088769725508358,1.0
2024-07-01,2135,2022-06-28,2024-06-28,504,0.23765160983644018,0.259667725025951,0.0547,3.0,0.9044384862754179,0.9044384862754179
2024-07-01,2135,2022-06-28,2024-06-28,504,0.23765160983644018,0.259667725025951,0.0547,5.0,0.5426630917652507,0.5426630917652507
2024-08-01,2157,2022-07-29,2024-07-31,504,0.21134128537522756,0.25858721149148284,0.0537,1.5,1.5716817941831247,1.0
2024-08-01,2157,2022-07-29,2024-07-31,504,0.21134128537522756,0.25858721149148284,0.0537,3.0,0.7858408970915624,0.7858408970915624
2024-08-01,2157,2022-07-29,2024-07-31,504,0.21134128537522756,0.25858721149148284,0.0537,5.0,0.4715045382549374,0.4715045382549374
2024-09-03,2179,2022-08-30,2024-08-30,504,0.21341688290116081,0.2566215423875831,0.0519,1.5,1.6350854115630402,1.0
2024-09-03,2179,2022-08-30,2024-08-30,504,0.21341688290116081,0.2566215423875831,0.0519,3.0,0.8175427057815201,0.8175427057815201
2024-09-03,2179,2022-08-30,2024-08-30,504,0.21341688290116081,0.2566215423875831,0.0519,5.0,0.49052562346891204,0.49052562346891204
2024-10-01,2199,2022-09-28,2024-09-30,504,0.251709226659929,0.2523121259837631,0.0471,1.5,2.142681939090649,1.0
2024-10-01,2199,2022-09-28,2024-09-30,504,0.251709226659929,0.2523121259837631,0.0471,3.0,1.0713409695453244,1.0
2024-10-01,2199,2022-09-28,2024-09-30,504,0.251709226659929,0.2523121259837631,0.0471,5.0,0.6428045817271946,0.6428045817271946
2024-11-01,2222,2022-10-31,2024-10-31,504,0.21985601304498023,0.23821066607690208,0.0461,1.5,2.041390911109326,1.0
2024-11-01,2222,2022-10-31,2024-10-31,504,0.21985601304498023,0.23821066607690208,0.0461,3.0,1.020695455554663,1.0
2024-11-01,2222,2022-10-31,2024-10-31,504,0.21985601304498023,0.23821066607690208,0.0461,5.0,0.6124172733327979,0.6124172733327979
2024-12-02,2242,2022-11-29,2024-11-29,504,0.2793076217415598,0.2237013305981922,0.0451,1.5,3.1201295768720314,1.0
2024-12-02,2242,2022-11-29,2024-11-29,504,0.2793076217415598,0.2237013305981922,0.0451,3.0,1.5600647884360157,1.0
2024-12-02,2242,2022-11-29,2024-11-29,504,0.2793076217415598,0.2237013305981922,0.0451,5.0,0.9360388730616095,0.9360388730616095
2025-01-02,2263,2022-12-29,2024-12-31,504,0.37160606665837553,0.21496711806171775,0.0436,1.5,4.732019753840212,1.0
2025-01-02,2263,2022-12-29,2024-12-31,504,0.37160606665837553,0.21496711806171775,0.0436,3.0,2.366009876920106,1.0
2025-01-02,2263,2022-12-29,2024-12-31,504,0.37160606665837553,0.21496711806171775,0.0436,5.0,1.4196059261520635,1.0
2025-02-03,2283,2023-01-30,2025-01-31,504,0.26915318249474923,0.21711857145177182,0.0434,1.5,3.192630635026081,1.0
2025-02-03,2283,2023-01-30,2025-01-31,504,0.26915318249474923,0.21711857145177182,0.0434,3.0,1.5963153175130405,1.0
2025-02-03,2283,2023-01-30,2025-01-31,504,0.26915318249474923,0.21711857145177182,0.0434,5.0,0.9577891905078244,0.9577891905078244
2025-03-03,2302,2023-02-27,2025-02-28,504,0.27837778123615353,0.21657100318359762,0.0435,1.5,3.338489849844585,1.0
2025-03-03,2302,2023-02-27,2025-02-28,504,0.27837778123615353,0.21657100318359762,0.0435,3.0,1.6692449249222925,1.0
2025-03-03,2302,2023-02-27,2025-02-28,504,0.27837778123615353,0.21657100318359762,0.0435,5.0,1.0015469549533755,1.0
2025-04-01,2323,2023-03-28,2025-03-31,504,0.19896855584425022,0.22137265510188617,0.0432,1.5,2.1190469862993764,1.0
2025-04-01,2323,2023-03-28,2025-03-31,504,0.19896855584425022,0.22137265510188617,0.0432,3.0,1.0595234931496882,1.0
2025-04-01,2323,2023-03-28,2025-03-31,504,0.19896855584425022,0.22137265510188617,0.0432,5.0,0.635714095889813,0.635714095889813
2025-05-01,2344,2023-04-27,2025-04-30,504,0.1710833962917304,0.2675674732507025,0.0431,1.5,1.1917790228552132,1.0
2025-05-01,2344,2023-04-27,2025-04-30,504,0.1710833962917304,0.2675674732507025,0.0431,3.0,0.5958895114276066,0.5958895114276066
2025-05-01,2344,2023-04-27,2025-04-30,504,0.1710833962917304,0.2675674732507025,0.0431,5.0,0.357533706856564,0.357533706856564
2025-06-02,2365,2023-05-26,2025-05-30,504,0.11673180986850568,0.2723536987557615,0.0444,1.5,0.6500870542408912,0.6500870542408912
2025-06-02,2365,2023-05-26,2025-05-30,504,0.11673180986850568,0.2723536987557615,0.0444,3.0,0.3250435271204456,0.3250435271204456
2025-06-02,2365,2023-05-26,2025-05-30,504,0.11673180986850568,0.2723536987557615,0.0444,5.0,0.19502611627226735,0.19502611627226735
2025-07-01,2385,2023-06-27,2025-06-30,504,0.09329048733507642,0.2731184755642113,0.044000000000000004,1.5,0.44052412125386703,0.44052412125386703
2025-07-01,2385,2023-06-27,2025-06-30,504,0.09329048733507642,0.2731184755642113,0.044000000000000004,3.0,0.22026206062693351,0.22026206062693351
2025-07-01,2385,2023-06-27,2025-06-30,504,0.09329048733507642,0.2731184755642113,0.044000000000000004,5.0,0.13215723637616011,0.13215723637616011
2025-08-01,2407,2023-07-28,2025-07-31,504,0.07809833849212444,0.2731206559871517,0.0435,1.5,0.3092109680914747,0.3092109680914747
2025-08-01,2407,2023-07-28,2025-07-31,504,0.07809833849212444,0.2731206559871517,0.0435,3.0,0.15460548404573735,0.15460548404573735
2025-08-01,2407,2023-07-28,2025-07-31,504,0.07809833849212444,0.2731206559871517,0.0435,5.0,0.09276329042744241,0.09276329042744241
2025-09-02,2428,2023-08-28,2025-08-29,504,0.1736682422744555,0.2746875532755688,0.042,1.5,1.1633538110561763,1.0
2025-09-02,2428,2023-08-28,2025-08-29,504,0.1736682422744555,0.2746875532755688,0.042,3.0,0.5816769055280882,0.5816769055280882
2025-09-02,2428,2023-08-28,2025-08-29,504,0.1736682422744555,0.2746875532755688,0.042,5.0,0.34900614331685287,0.34900614331685287
2025-10-01,2449,2023-09-27,2025-09-30,504,0.23923899541593152,0.27600930809385144,0.0401,1.5,1.742679795727608,1.0
2025-10-01,2449,2023-09-27,2025-09-30,504,0.23923899541593152,0.27600930809385144,0.0401,3.0,0.871339897863804,0.871339897863804
2025-10-01,2449,2023-09-27,2025-09-30,504,0.23923899541593152,0.27600930809385144,0.0401,5.0,0.5228039387182823,0.5228039387182823
2025-11-03,2472,2023-10-30,2025-10-31,504,0.2808131759106324,0.27813735302302306,0.0398,1.5,2.076973196921731,1.0
2025-11-03,2472,2023-10-30,2025-10-31,504,0.2808131759106324,0.27813735302302306,0.0398,3.0,1.0384865984608656,1.0
2025-11-03,2472,2023-10-30,2025-10-31,504,0.2808131759106324,0.27813735302302306,0.0398,5.0,0.6230919590765193,0.6230919590765193
2025-12-01,2491,2023-11-27,2025-11-28,504,0.23513248195608993,0.2775922794666351,0.0381,1.5,1.704636575802767,1.0
2025-12-01,2491,2023-11-27,2025-11-28,504,0.23513248195608993,0.2775922794666351,0.0381,3.0,0.8523182879013835,0.8523182879013835
2025-12-01,2491,2023-11-27,2025-11-28,504,0.23513248195608993,0.2775922794666351,0.0381,5.0,0.5113909727408301,0.5113909727408301
