lambda,frequency,strategy,band,rmse,mae,pnl_mean,pnl_q01,pnl_q05,pnl_q50,pnl_q95,pnl_q99,mean_total_cost,mean_turnover,mean_n_rebalances,mse,eta,criterion_J
0.0,12,delta_bs,0.0,1.9452273531016606,1.4746504329732193,-0.032820457548359286,-5.410750448672542,-3.202042605678841,-0.011621576132067796,3.1226254864946466,4.582647180213962,0.0,1.5873267392197816,11.9974,3.7839094552548924,1.0,3.7839094552548924
0.0,12,no_trade_band,0.0,1.9452273531016606,1.4746504329732193,-0.032820457548359286,-5.410750448672542,-3.202042605678841,-0.011621576132067796,3.1226254864946466,4.582647180213962,0.0,1.5873267392197816,11.9974,3.7839094552548924,1.0,3.7839094552548924
0.0,12,no_trade_band,0.02,1.9504473587556392,1.48116740610976,-0.03633908760146202,-5.4125094893725665,-3.2038439016181712,-0.008795100417647195,3.12554873650229,4.5781311632238095,0.0,1.5710755536000185,9.67215,3.804244899276849,1.0,3.804244899276849
0.0,12,no_trade_band,0.05,1.9839193565728674,1.5149447136819236,-0.04539233621849728,-5.50671959463417,-3.3110543933172947,-0.004268414364176465,3.1313517042257137,4.579481255496655,0.0,1.5123940916542464,7.6769,3.9359360133845,1.0,3.9359360133845
0.0,12,no_trade_band,0.1,2.1426406998199097,1.6550256268117185,-0.07186060953621648,-5.683256982186627,-3.6706160517961632,-0.028215109425772766,3.372768794903576,4.825759061061582,0.0,1.3778165415839838,5.3412,4.590909168524753,1.0,4.590909168524753
0.0,12,no_trade_band,0.2,2.891987434078083,2.257708378997681,-0.18907317616879527,-7.865883802455296,-5.116945790546515,-0.06398046471463736,4.314208943193492,5.842062872243217,0.0,1.1315595965018928,2.97025,8.363591318865534,1.0,8.363591318865534
0.0,12,optimized_no_trade_band,0.0,1.9452273531016606,1.4746504329732193,-0.032820457548359286,-5.410750448672542,-3.202042605678841,-0.011621576132067796,3.1226254864946466,4.582647180213962,0.0,1.5873267392197816,11.9974,3.7839094552548924,1.0,3.7839094552548924
0.0,26,delta_bs,0.0,1.3340969945107275,0.9991347456832064,-0.012742793237656713,-3.638428174658914,-2.173433781772907,-0.015024332758006409,2.1756605833054516,3.363612818713863,0.0,2.111873383251719,25.9243,1.7798147907625563,1.0,1.7798147907625563
0.0,26,no_trade_band,0.0,1.3340969945107275,0.9991347456832064,-0.012742793237656713,-3.638428174658914,-2.173433781772907,-0.015024332758006409,2.1756605833054516,3.363612818713863,0.0,2.111873383251719,25.9243,1.7798147907625563,1.0,1.7798147907625563
0.0,26,no_trade_band,0.02,1.341546667779075,1.0084071198948414,-0.01757197369777663,-3.641238952545663,-2.1948111558210073,-0.02227951595431696,2.1817092906875835,3.355107021391046,0.0,2.0640408793693448,18.44955,1.7997474618291402,1.0,1.7997474618291402
0.0,26,no_trade_band,0.05,1.4053112247285393,1.068639055871652,-0.030180898299294483,-3.750013713972149,-2.33034420573586,-0.025510955245785283,2.2516034601619435,3.453215782278138,0.0,1.90786057259445,12.85505,1.9748996383480268,1.0,1.9748996383480268
0.0,26,no_trade_band,0.1,1.6510344322980766,1.277187219590868,-0.05022877561020126,-4.305137125957861,-2.764474697625793,-0.044795585787764436,2.6515046594015947,3.8787233276191158,0.0,1.623121440913453,7.5131,2.725914696633832,1.0,2.725914696633832
0.0,26,no_trade_band,0.2,2.613958744008398,2.017454024168407,-0.17568557636898258,-7.479527501412498,-4.619402335451331,-0.04382203204128743,3.782067086424266,5.2203498902673635,0.0,1.2467422972333546,3.5684,6.832780315377961,1.0,6.832780315377961
0.0,26,optimized_no_trade_band,0.0,1.3340969945107275,0.9991347456832064,-0.012742793237656713,-3.638428174658914,-2.173433781772907,-0.015024332758006409,2.1756605833054516,3.363612818713863,0.0,2.111873383251719,25.9243,1.7798147907625563,1.0,1.7798147907625563
0.0,52,delta_bs,0.0,0.9526999238362962,0.7111545649284753,-0.003761789603093392,-2.571850367037878,-1.5341548247642907,0.0035181852154027027,1.554952941597282,2.4076959906976105,0.0,2.7730707078020096,51.6167,0.9076371448776847,1.0,0.9076371448776847
0.0,52,no_trade_band,0.0,0.9526999238362962,0.7111545649284753,-0.003761789603093392,-2.571850367037878,-1.5341548247642907,0.0035181852154027027,1.554952941597282,2.4076959906976105,0.0,2.7730707078020096,51.6167,0.9076371448776847,1.0,0.9076371448776847
0.0,52,no_trade_band,0.02,0.965099187455527,0.7254111581389657,-0.010754020796843466,-2.575453840118228,-1.5667024061363437,-0.005639394407275233,1.5636380891492796,2.414878125250506,0.0,2.6521977105671284,32.25745,0.9314164416273184,1.0,0.9314164416273184
0.0,52,no_trade_band,0.05,1.0643479401685132,0.8145474053681361,-0.025057198885395194,-2.814310118916596,-1.7539441950992158,-0.02630333628233683,1.7209116682257597,2.613092368274675,0.0,2.311075081388794,19.2565,1.1328365377409568,1.0,1.1328365377409568
0.0,52,no_trade_band,0.1,1.389621859678351,1.0875866423904006,-0.044994893047978234,-3.586623409229227,-2.3261294744202416,-0.027970621978568033,2.187892633078478,3.194057231576679,0.0,1.8334194590987845,9.61135,1.9310489128959187,1.0,1.9310489128959187
0.0,52,no_trade_band,0.2,2.454562004694384,1.8860608943039416,-0.170431710288403,-7.283326526705124,-4.348421477133295,-0.01444601738869089,3.529612001138193,4.795146975744408,0.0,1.3351500773888725,4.06595,6.024874634889314,1.0,6.024874634889314
0.0,52,optimized_no_trade_band,0.0,0.9526999238362962,0.7111545649284753,-0.003761789603093392,-2.571850367037878,-1.5341548247642907,0.0035181852154027027,1.554952941597282,2.4076959906976105,0.0,2.7730707078020096,51.6167,0.9076371448776847,1.0,0.9076371448776847
0.0,126,delta_bs,0.0,0.6164344454058871,0.46154931234149316,0.0019322765395574269,-1.6833757123229103,-0.999634926390505,-0.0009629764412172697,1.0145521218879474,1.5476992910965972,0.0,4.018923561458372,124.29495,0.3799914254828636,1.0,0.3799914254828636
0.0,126,no_trade_band,0.0,0.6164344454058871,0.46154931234149316,0.0019322765395574269,-1.6833757123229103,-0.999634926390505,-0.0009629764412172697,1.0145521218879474,1.5476992910965972,0.0,4.018923561458372,124.29495,0.3799914254828636,1.0,0.3799914254828636
0.0,126,no_trade_band,0.02,0.6426032026403765,0.4881071608152572,-0.005577382565581501,-1.722391014104912,-1.0542768581326312,-0.005479544430405658,1.0429901370530945,1.59879055637455,0.0,3.6454826860172003,62.56135,0.4129388760436688,1.0,0.4129388760436688
0.0,126,no_trade_band,0.05,0.799412082289189,0.6242245903663342,-0.0204160004675401,-2.0356471679009402,-1.3314527128306752,-0.012883621868077342,1.2735655378425628,1.8751239606721228,0.0,2.852378552841386,29.34315,0.6390596773099371,1.0,0.6390596773099371
0.0,126,no_trade_band,0.1,1.2300168336740847,0.9586362999719938,-0.06585434624086274,-3.259360121100466,-2.115930995358349,-0.027696600094635926,1.859765724321994,2.679684311905056,0.0,2.0824729064787433,12.36225,1.512941411121621,1.0,1.512941411121621
0.0,126,no_trade_band,0.2,2.2972757740787766,1.7733027598074136,-0.1505248837902269,-6.759631227006146,-3.9369939129283913,-0.020739777157190886,3.2918464570861983,4.4096927740606695,0.0,1.4339304195468046,4.65625,5.277475982169243,1.0,5.277475982169243
0.0,126,optimized_no_trade_band,0.0,0.6164344454058871,0.46154931234149316,0.0019322765395574269,-1.6833757123229103,-0.999634926390505,-0.0009629764412172697,1.0145521218879474,1.5476992910965972,0.0,4.018923561458372,124.29495,0.3799914254828636,1.0,0.3799914254828636
0.0,252,delta_bs,0.0,0.4355211980760002,0.32560792187229015,-0.0002648829633050422,-1.1392546220247257,-0.6940461050834036,-0.005317570682553539,0.7137903829854121,1.1418748743356686,0.0,5.456529227687245,247.7692,0.18967871397355462,1.0,0.18967871397355462
0.0,252,no_trade_band,0.0,0.4355211980760002,0.32560792187229015,-0.0002648829633050422,-1.1392546220247257,-0.6940461050834036,-0.005317570682553539,0.7137903829854121,1.1418748743356686,0.0,5.456529227687245,247.7692,0.18967871397355462,1.0,0.18967871397355462
0.0,252,no_trade_band,0.02,0.4743916896637015,0.36396256723354525,-0.005583814854529886,-1.201187951556879,-0.7679404771208092,-0.007092086325033886,0.7689031509211559,1.2028381118997864,0.0,4.594253761321508,98.56275,0.22504747522198168,1.0,0.22504747522198168
0.0,252,no_trade_band,0.05,0.6705590471402545,0.5255876532586675,-0.021519534864198806,-1.6722734650181825,-1.1202368971172099,-0.012379593690611812,1.06697132756802,1.5120260033656059,0.0,3.2579631144011088,37.92765,0.44964943570164606,1.0,0.44964943570164606
0.0,252,no_trade_band,0.1,1.1629504169823943,0.8988148172909066,-0.06900635219387809,-3.2368131148961115,-1.9893179274249724,-0.02482373494200374,1.724451186172753,2.443384687614792,0.0,2.247292262144998,14.38395,1.352453672359525,1.0,1.352453672359525
0.0,252,no_trade_band,0.2,2.1804398398546856,1.6982942142234,-0.12813728647057818,-5.928191208020627,-3.6813626799035717,-0.007621971128799032,3.1733481188976476,4.267015402654002,0.0,1.4963199312614033,5.0601,4.754317895225526,1.0,4.754317895225526
0.0,252,optimized_no_trade_band,0.0,0.4355211980760002,0.32560792187229015,-0.0002648829633050422,-1.1392546220247257,-0.6940461050834036,-0.005317570682553539,0.7137903829854121,1.1418748743356686,0.0,5.456529227687245,247.7692,0.18967871397355462,1.0,0.18967871397355462
0.0005,12,delta_bs,0.0,1.9532953589667672,1.4791814858833414,-0.11394431077785307,-5.53061491187477,-3.3045928491822183,-0.0878718094922406,3.0482809723130146,4.5086706940480665,0.08002686523881183,1.5873267392197816,11.9974,3.815362759361112,1.0,3.895389624599924
0.0005,12,no_trade_band,0.0,1.9532953589667672,1.4791814858833414,-0.11394431077785307,-5.53061491187477,-3.3045928491822183,-0.0878718094922406,3.0482809723130146,4.5086706940480665,0.08002686523881183,1.5873267392197816,11.9974,3.815362759361112,1.0,3.895389624599924
0.0005,12,no_trade_band,0.02,1.9585748134410317,1.4856372368306683,-0.11659730993118307,-5.528790673319044,-3.30835120409165,-0.08633059879655197,3.0495071945023318,4.498692691171431,0.0791694433813465,1.5710755536000185,9.67215,3.836015299845572,1.0,3.9151847432269187
0.0005,12,no_trade_band,0.05,1.9923353317965782,1.5193310922939434,-0.12260049401768511,-5.607139277884108,-3.407393365603761,-0.07934577579171775,3.0593297611746775,4.503782027691735,0.07615207515267793,1.5123940916542464,7.6769,3.9694000743249815,1.0,4.045552149477659
0.0005,12,no_trade_band,0.1,2.1516049584568884,1.6602204737819761,-0.14216900295943424,-5.773727231904294,-3.7536494041666377,-0.09332140975551134,3.303405233259378,4.7614931883189975,0.0693306325798877,1.3778165415839838,5.3412,4.629403897256267,1.0,4.698734529836155
0.0005,12,no_trade_band,0.2,2.901439328879351,2.2634456737076376,-0.2467004790931272,-7.940914341824024,-5.185916932241887,-0.1254505849823886,4.267889054917377,5.805448736814854,0.05679107016089632,1.1315595965018928,2.97025,8.41835017916786,1.0,8.475141249328756
0.0005,12,optimized_no_trade_band,0.0,1.9532953589667672,1.4791814858833414,-0.11394431077785307,-5.53061491187477,-3.3045928491822183,-0.0878718094922406,3.0482809723130146,4.5086706940480665,0.08002686523881183,1.5873267392197816,11.9974,3.815362759361112,1.0,3.895389624599924
0.0005,26,delta_bs,0.0,1.34443259134533,1.0064499725792944,-0.12043360763360195,-3.7920950990724345,-2.3095572464508214,-0.11389540722564001,2.0587940806741982,3.2553599735174803,0.10632804565681715,2.111873383251719,25.9243,1.8074989926715193,1.0,1.9138270383283364
0.0005,26,no_trade_band,0.0,1.34443259134533,1.0064499725792944,-0.12043360763360195,-3.7920950990724345,-2.3095572464508214,-0.11389540722564001,2.0587940806741982,3.2553599735174803,0.10632804565681715,2.111873383251719,25.9243,1.8074989926715193,1.0,1.9138270383283364
0.0005,26,no_trade_band,0.02,1.3519679319393128,1.0156817928542015,-0.12273770325676367,-3.78643099483742,-2.3232070976109873,-0.11655023888355487,2.069393611998621,3.247001146058567,0.10382856221911836,2.0640408793693448,18.44955,1.8278172889922621,1.0,1.9316458512113805
0.0005,26,no_trade_band,0.05,1.415838943494121,1.07581219746674,-0.12729427808382432,-3.8901532107300083,-2.444386024831673,-0.11450758467606192,2.152627448549036,3.3576724505085016,0.09586689408567019,1.90786057259445,12.85505,2.0045999139145487,1.0,2.100466808000219
0.0005,26,no_trade_band,0.1,1.6605320703366724,1.2836866517143197,-0.13282256287170116,-4.396674154381064,-2.86101684541338,-0.12436088813135981,2.573394134910514,3.806091369623101,0.08151259732704726,1.623121440913453,7.5131,2.757366756616596,1.0,2.838879353943643
0.0005,26,no_trade_band,0.2,2.6229154321831403,2.0227757299702,-0.23909143129680566,-7.533314133428923,-4.6797955578284895,-0.10899045997499712,3.7251783712386466,5.174061870340424,0.06253102381161156,1.2467422972333546,3.5684,6.87968536438447,1.0,6.942216388196082
0.0005,26,optimized_no_trade_band,0.0,1.34443259134533,1.0064499725792944,-0.12043360763360195,-3.7920950990724345,-2.3095572464508214,-0.11389540722564001,2.0587940806741982,3.2553599735174803,0.10632804565681715,2.111873383251719,25.9243,1.8074989926715193,1.0,1.9138270383283364
0.0005,52,delta_bs,0.0,0.9688341978062599,0.7223386301501239,-0.14500475284586123,-2.7672824475457696,-1.714963991303972,-0.1253770508348495,1.3925408230158165,2.237109841545364,0.13954406602733851,2.7730707078020096,51.6167,0.9386397028388992,1.0,1.0781837688662377
0.0005,52,no_trade_band,0.0,0.9688341978062599,0.7223386301501239,-0.14500475284586123,-2.7672824475457696,-1.714963991303972,-0.1253770508348495,1.3925408230158165,2.237109841545364,0.13954406602733851,2.7730707078020096,51.6167,0.9386397028388992,1.0,1.0781837688662377
0.0005,52,no_trade_band,0.02,0.9810418954066739,0.7362199512318774,-0.1456640941606796,-2.7837326590210987,-1.7379134014825515,-0.12430218338284899,1.4124962205009133,2.2523730426872874,0.1332785118778811,2.6521977105671284,32.25745,0.9624432005431192,1.0,1.0957217124210001
0.0005,52,no_trade_band,0.05,1.0782338413703405,0.8245302244704404,-0.14244942029971683,-3.010662121000197,-1.895599510919088,-0.13457532363128877,1.5954459354324535,2.4806778989468303,0.11596186546793424,2.311075081388794,19.2565,1.1625882166762407,1.0,1.2785500821441749
0.0005,52,no_trade_band,0.1,1.3996746770186925,1.0943734709355397,-0.13812414796785014,-3.7069185086621754,-2.432810231830807,-0.11787740764833154,2.0946718021735116,3.1068148506483455,0.09196804088268823,1.8334194590987845,9.61135,1.9590892014873815,1.0,2.05105724237007
0.0005,52,no_trade_band,0.2,2.462670181326174,1.8900483318241117,-0.2383544042066796,-7.327939644169692,-4.4113369653227155,-0.0851939051528845,3.4692022899626096,4.734181963395611,0.0670207516296258,1.3351500773888725,4.06595,6.064744421993091,1.0,6.131765173622717
0.0005,52,optimized_no_trade_band,0.0,0.9688341978062599,0.7223386301501239,-0.14500475284586123,-2.7672824475457696,-1.714963991303972,-0.1253770508348495,1.3925408230158165,2.237109841545364,0.13954406602733851,2.7730707078020096,51.6167,0.9386397028388992,1.0,1.0781837688662377
0.0005,126,delta_bs,0.0,0.6561449837006422,0.49109658380613663,-0.20260076480014078,-1.9699263422661042,-1.2602084275431906,-0.17898003623112402,0.7778349994703295,1.2851743166386633,0.20220070134058646,4.018923561458372,124.29495,0.43052623963551606,1.0,0.6327269409761025
0.0005,126,no_trade_band,0.0,0.6561449837006422,0.49109658380613663,-0.20260076480014078,-1.9699263422661042,-1.2602084275431906,-0.17898003623112402,0.7778349994703295,1.2851743166386633,0.20220070134058646,4.018923561458372,124.29495,0.43052623963551606,1.0,0.6327269409761025
0.0005,126,no_trade_band,0.02,0.6773523986771292,0.5134322366489686,-0.19068367910240805,-2.004174241109167,-1.2808491937916828,-0.1722502522953709,0.8326632807344823,1.3491941348168215,0.18299028927370092,3.6454826860172003,62.56135,0.45880627199366053,1.0,0.6417965612673615
0.0005,126,no_trade_band,0.05,0.820732957622651,0.6395742213869389,-0.16504452981850384,-2.216033708807232,-1.5047305645998674,-0.14949679203690103,1.112911674852376,1.7047684714317657,0.14297431218232856,2.852378552841386,29.34315,0.6736025877280243,1.0,0.8165768999103529
0.0005,126,no_trade_band,0.1,1.242024196291334,0.9662185876779075,-0.17144314154926565,-3.3641297801257655,-2.228232356299857,-0.1296149799902776,1.7472985755206216,2.5763930527514973,0.10434290756686752,2.0824729064787433,12.36225,1.5426241041731343,1.0,1.646967011740002
0.0005,126,no_trade_band,0.2,2.304207650028963,1.7765187253630648,-0.22356078965249235,-6.801958966400142,-4.011372471845748,-0.09529942185421669,3.2240853229059625,4.354764463398172,0.07210642585924604,1.4339304195468046,4.65625,5.309372894451996,1.0,5.381479320311242
0.0005,126,optimized_no_trade_band,0.0,0.6561449837006422,0.49109658380613663,-0.20260076480014078,-1.9699263422661042,-1.2602084275431906,-0.17898003623112402,0.7778349994703295,1.2851743166386633,0.20220070134058646,4.018923561458372,124.29495,0.43052623963551606,1.0,0.6327269409761025
0.0005,252,delta_bs,0.0,0.5284632557834543,0.4007712101864272,-0.27784538756011495,-1.5634793253348576,-1.0561180386948343,-0.2456605606078881,0.39593649234287226,0.7823539531447508,0.27451699756799364,5.456529227687245,247.7692,0.2792734127132486,1.0,0.5537904102812423
0.0005,252,no_trade_band,0.0,0.5284632557834543,0.4007712101864272,-0.27784538756011495,-1.5634793253348576,-1.0561180386948343,-0.2456605606078881,0.39593649234287226,0.7823539531447508,0.27451699756799364,5.456529227687245,247.7692,0.2792734127132486,1.0,0.5537904102812423
0.0005,252,no_trade_band,0.02,0.5414962052047423,0.4149694309615679,-0.2385596969379561,-1.533293519630379,-1.0660650871613626,-0.21479116827754674,0.505946741229338,0.8916772043607631,0.2304182528928881,4.594253761321508,98.56275,0.29321814025113635,1.0,0.5236363931440244
0.0005,252,no_trade_band,0.05,0.7003333765504776,0.5471165110598675,-0.1865106810141008,-1.8933975996975005,-1.3108307832776767,-0.1682201692220168,0.8912318118030285,1.3241619441728132,0.1631863446843444,3.2579631144011088,37.92765,0.49046683831059307,1.0,0.6536531829949375
0.0005,252,no_trade_band,0.1,1.17525801601125,0.9067801220656082,-0.18283419321531152,-3.3405491896137183,-2.116328975021363,-0.14099801612284624,1.6191036551558717,2.3274757388286407,0.11253189816468723,2.247292262144998,14.38395,1.3812314041986995,1.0,1.4937633023633867
0.0005,252,no_trade_band,0.2,2.18631844758964,1.7000815752969003,-0.20443736470006646,-5.985547925606749,-3.7589307668056375,-0.08871783215344076,3.0992598577163024,4.205104404030097,0.07535463476125147,1.4963199312614033,5.0601,4.779988354270773,1.0,4.8553429890320245
0.0005,252,optimized_no_trade_band,0.02,0.5414962052047423,0.4149694309615679,-0.2385596969379561,-1.533293519630379,-1.0660650871613626,-0.21479116827754674,0.505946741229338,0.8916772043607631,0.2304182528928881,4.594253761321508,98.56275,0.29321814025113635,1.0,0.5236363931440244
0.002,12,delta_bs,0.0,1.9980893497097223,1.5104184936380967,-0.35731587046633406,-5.878307132482451,-3.602464817388113,-0.3100318102591756,2.8121961341128383,4.280144502924979,0.32010746095524734,1.5873267392197816,11.9974,3.9923610494234207,1.0,4.312468510378668
0.002,12,no_trade_band,0.0,1.9980893497097223,1.5104184936380967,-0.35731587046633406,-5.878307132482451,-3.602464817388113,-0.3100318102591756,2.8121961341128383,4.280144502924979,0.32010746095524734,1.5873267392197816,11.9974,3.9923610494234207,1.0,4.312468510378668
0.002,12,no_trade_band,0.02,2.003100703253749,1.5162121582102595,-0.35737197692034506,-5.841768442903231,-3.6131371549480873,-0.31635795594091576,2.8165193335856755,4.274524862302878,0.316677773525386,1.5710755536000185,9.67215,4.012412427375664,1.0,4.32909020090105
0.002,12,no_trade_band,0.05,2.0359960798456957,1.548232635785041,-0.3542249674152462,-5.917477940083231,-3.678903910897218,-0.3048006387486364,2.838135364722738,4.300506364754624,0.3046083006107117,1.5123940916542464,7.6769,4.145280037147041,1.0,4.449888337757752
0.002,12,no_trade_band,0.1,2.192706350362676,1.6880834293288365,-0.3530941832290819,-6.059105653872112,-3.98798710684495,-0.29555055847792744,3.1030985623447003,4.578411305848314,0.2773225303195508,1.3778165415839838,5.3412,4.807961138920807,1.0,5.085283669240358
0.002,12,no_trade_band,0.2,2.9369130459564845,2.2868634356732844,-0.41958238786611074,-8.115955578749396,-5.3903636397337,-0.30170993014208447,4.1337735288366515,5.684411412434696,0.2271642806435853,1.1315595965018928,2.97025,8.625458239509395,1.0,8.85262252015298
0.002,12,optimized_no_trade_band,0.0,1.9980893497097223,1.5104184936380967,-0.35731587046633406,-5.878307132482451,-3.602464817388113,-0.3100318102591756,2.8121961341128383,4.280144502924979,0.32010746095524734,1.5873267392197816,11.9974,3.9923610494234207,1.0,4.312468510378668
0.002,26,delta_bs,0.0,1.428004462702025,1.0730599156277973,-0.4435060508214226,-4.26035739759566,-2.7110289779884575,-0.40850924765334895,1.7120295768147356,2.9227685620994697,0.4253121826272686,2.111873383251719,25.9243,2.039196745496899,1.0,2.4645089281241677
0.002,26,no_trade_band,0.0,1.428004462702025,1.0730599156277973,-0.4435060508214226,-4.26035739759566,-2.7110289779884575,-0.40850924765334895,1.7120295768147356,2.9227685620994697,0.4253121826272686,2.111873383251719,25.9243,2.039196745496899,1.0,2.4645089281241677
0.002,26,no_trade_band,0.02,1.4333864803017464,1.079729326345646,-0.4382348919337134,-4.24831147392019,-2.7253888280552836,-0.4023246838765786,1.737689140164971,2.924401743607832,0.41531424887647345,2.0640408793693448,18.44955,2.054596801911829,1.0,2.4699110507883026
0.002,26,no_trade_band,0.05,1.4888116297704732,1.1315733255742306,-0.4186344174374107,-4.302263031277953,-2.8003367543320388,-0.386070156655002,1.8537388586083456,3.0505577720395016,0.38346757634268075,1.90786057259445,12.85505,2.2165600689398124,1.0,2.600027645282493
0.002,26,no_trade_band,0.1,1.7150429740772972,1.3246668007246387,-0.3806039246562155,-4.760059553237956,-3.1508747631452994,-0.3597268710359742,2.325485720627289,3.5702956525849716,0.326050389308189,1.623121440913453,7.5131,2.9413724029319006,1.0,3.26742279224009
0.002,26,no_trade_band,0.2,2.6596013240387104,2.0476123060175158,-0.42930899608030365,-7.742847884139102,-4.901989454260873,-0.29279357467521305,3.57473253473326,5.022677322215263,0.25012409524644624,1.2467422972333546,3.5684,7.073479202828461,1.0,7.323603298074907
0.002,26,optimized_no_trade_band,0.0,1.428004462702025,1.0730599156277973,-0.4435060508214226,-4.26035739759566,-2.7110289779884575,-0.40850924765334895,1.7120295768147356,2.9227685620994697,0.4253121826272686,2.111873383251719,25.9243,2.039196745496899,1.0,2.4645089281241677
0.002,52,delta_bs,0.0,1.1365800798919075,0.8589765448840976,-0.5687336425741641,-3.3880747789360375,-2.240017091486153,-0.5068125821748284,0.921240569601212,1.7382476161944238,0.5581762641093541,2.7730707078020096,51.6167,1.291814278007095,1.0,1.849990542116449
0.002,52,no_trade_band,0.0,1.1365800798919075,0.8589765448840976,-0.5687336425741641,-3.3880747789360375,-2.240017091486153,-0.5068125821748284,0.921240569601212,1.7382476161944238,0.5581762641093541,2.7730707078020096,51.6167,1.291814278007095,1.0,1.849990542116449
0.002,52,no_trade_band,0.02,1.1381800139724345,0.862391131385731,-0.5503943142521823,-3.3789046797619138,-2.2434536780419263,-0.49370636254008815,0.959039658631683,1.7816190982000313,0.5331140475115244,2.6521977105671284,32.25745,1.2954537442062912,1.0,1.8285677917178156
0.002,52,no_trade_band,0.05,1.1985546050088274,0.9190323189546474,-0.4946260845426668,-3.4966087975304414,-2.321927527213647,-0.4533963925080433,1.2095037593611813,2.0575628202811447,0.463847461871737,2.311075081388794,19.2565,1.4365331411878661,1.0,1.900380603059603
0.002,52,no_trade_band,0.1,1.469871713881938,1.1471074281112732,-0.41751191272744026,-4.037483529255396,-2.766094261070721,-0.39135005441436976,1.8339175485347983,2.8308001125374083,0.3678721635307529,1.8334194590987845,9.61135,2.1605228552702256,1.0,2.5283950188009783
0.002,52,no_trade_band,0.2,2.499276276912586,1.9135860692623217,-0.442122485961458,-7.503555461375076,-4.623278070614817,-0.2897795891174988,3.29003295805023,4.598989643192938,0.2680830065185032,1.3351500773888725,4.06595,6.246381908338036,1.0,6.514464914856539
0.002,52,optimized_no_trade_band,0.02,1.1381800139724345,0.862391131385731,-0.5503943142521823,-3.3789046797619138,-2.2434536780419263,-0.49370636254008815,0.959039658631683,1.7816190982000313,0.5331140475115244,2.6521977105671284,32.25745,1.2954537442062912,1.0,1.8285677917178156
0.002,126,delta_bs,0.0,1.0666464678237442,0.8590150970194275,-0.8161998888192278,-2.8957988172665354,-2.0735241653742,-0.7227393062131142,0.12600639581558049,0.5523738969843721,0.8088028053623458,4.018923561458372,124.29495,1.1377346873208698,1.0,1.9465374926832157
0.002,126,no_trade_band,0.0,1.0666464678237442,0.8590150970194275,-0.8161998888192278,-2.8957988172665354,-2.0735241653742,-0.7227393062131142,0.12600639581558049,0.5523738969843721,0.8088028053623458,4.018923561458372,124.29495,1.1377346873208698,1.0,1.9465374926832157
0.002,126,no_trade_band,0.02,1.0304490406958642,0.8147450948047981,-0.7460025687128811,-2.835950752680838,-2.031700712034574,-0.66775531924706,0.25497635419425674,0.703067144570382,0.7319611570948037,3.6454826860172003,62.56135,1.0618252254710268,1.0,1.7937863825658305
0.002,126,no_trade_band,0.05,1.0339264689762782,0.806813677788894,-0.5989301178713877,-2.8670749460811202,-2.0610362278726653,-0.5505705394798197,0.6851755259432382,1.246082371173792,0.5718972487293142,2.852378552841386,29.34315,1.069003943249755,1.0,1.640901191979069
0.002,126,no_trade_band,0.1,1.3372826082847717,1.0384020774580003,-0.4882095274744741,-3.694651367596394,-2.5885244024810206,-0.4482361684936044,1.4511002499420296,2.2512068113167807,0.4173716302674701,2.0824729064787433,12.36225,1.788324774420922,1.0,2.2056964046883922
0.002,126,no_trade_band,0.2,2.3405831625090743,1.800151050862884,-0.4426685072393245,-6.953960246513155,-4.225394938748259,-0.3225946931648451,3.0160146065380684,4.177538796655375,0.28842570343698415,1.4339304195468046,4.65625,5.4783295406209795,1.0,5.766755244057964
0.002,126,optimized_no_trade_band,0.05,1.0339264689762782,0.806813677788894,-0.5989301178713877,-2.8670749460811202,-2.0610362278726653,-0.5505705394798197,0.6851755259432382,1.246082371173792,0.5718972487293142,2.852378552841386,29.34315,1.069003943249755,1.0,1.640901191979069
0.002,252,delta_bs,0.0,1.2578996960816644,1.1115630382638115,-1.110586901350538,-2.8316670386607545,-2.2163586041235126,-1.0164595827836607,-0.33046169285721505,-0.12121285216945926,1.0980679902719745,5.456529227687245,247.7692,1.5823116454023438,1.0,2.6803796356743184
0.002,252,no_trade_band,0.0,1.2578996960816644,1.1115630382638115,-1.110586901350538,-2.8316670386607545,-2.2163586041235126,-1.0164595827836607,-0.33046169285721505,-0.12121285216945926,1.0980679902719745,5.456529227687245,247.7692,1.5823116454023438,1.0,2.6803796356743184
0.002,252,no_trade_band,0.02,1.1197149452931485,0.9472727962319175,-0.9374873431882216,-2.6780845676641087,-2.0688556001885576,-0.8524620539068675,-0.08601462384769748,0.1853036272015497,0.9216730115715523,4.594253761321508,98.56275,1.2537615587128383,1.0,2.1754345702843905
0.002,252,no_trade_band,0.05,1.0024052695022034,0.7980994930376293,-0.6814841194637669,-2.630531468107992,-1.9525545065718433,-0.6329243754692584,0.4402067753939292,0.8774283664388224,0.6527453787373776,3.2579631144011088,37.92765,1.004816324325785,1.0,1.6575617030631626
0.002,252,no_trade_band,0.1,1.2863876656572848,0.995117013020926,-0.5243177162795666,-3.617140433844682,-2.50709941859047,-0.4695333958566579,1.2994924513079167,2.01745966560813,0.4501275926587489,2.247292262144998,14.38395,1.6547932263551985,1.0,2.1049208190139472
0.002,252,no_trade_band,0.2,2.2221924482834994,1.7213589890720533,-0.4333375993885238,-6.24735817047692,-3.9969752183189775,-0.32216939774722997,2.8862926467204355,4.014880470783706,0.3014185390450059,1.4963199312614033,5.0601,4.938139277208213,1.0,5.239557816253219
0.002,252,optimized_no_trade_band,0.05,1.0024052695022034,0.7980994930376293,-0.6814841194637669,-2.630531468107992,-1.9525545065718433,-0.6329243754692584,0.4402067753939292,0.8774283664388224,0.6527453787373776,3.2579631144011088,37.92765,1.004816324325785,1.0,1.6575617030631626
0.01,12,delta_bs,0.0,2.6513878439906695,2.0703246799498642,-1.6552975221382396,-7.665164489732519,-5.233800113627428,-1.5361646362516126,1.5463175135714926,3.0822638734377965,1.6005373047762366,1.5873267392197816,11.9974,7.02985749926149,1.0,8.630394804037726
0.01,12,no_trade_band,0.0,2.6513878439906695,2.0703246799498642,-1.6552975221382396,-7.665164489732519,-5.233800113627428,-1.5361646362516126,1.5463175135714926,3.0822638734377965,1.6005373047762366,1.5873267392197816,11.9974,7.02985749926149,1.0,8.630394804037726
0.01,12,no_trade_band,0.02,2.64714447944866,2.0647089917427377,-1.6415035341958832,-7.625493858539509,-5.235622122191387,-1.521054071744608,1.5616955370683405,3.0853014977361384,1.58338886762693,1.5710755536000185,9.67215,7.007373895075515,1.0,8.590762762702445
0.01,12,no_trade_band,0.05,2.644931681325674,2.057346257117797,-1.5895554922022472,-7.665896229116787,-5.253715648282322,-1.4725791240130306,1.657537224721819,3.1876647911425025,1.5230415030535582,1.5123940916542464,7.6769,6.995663598880255,1.0,8.518705101933813
0.01,12,no_trade_band,0.1,2.7125849602125722,2.110380926532256,-1.478028478000546,-7.6455683349363355,-5.3879114815326075,-1.3786318370633666,2.089966752685622,3.680830077558108,1.3866126515977537,1.3778165415839838,5.3412,7.358117166371443,1.0,8.744729817969196
0.01,12,no_trade_band,0.2,3.2886317378214955,2.553642794154596,-1.3416192346553608,-9.166913525623714,-6.488342972892591,-1.2127946694534208,3.3789886894933696,5.0658333682448635,1.1358214032179264,1.1315595965018928,2.97025,10.81509870700683,1.0,11.950920110224757
0.01,12,optimized_no_trade_band,0.05,2.644931681325674,2.057346257117797,-1.5895554922022472,-7.665896229116787,-5.253715648282322,-1.4725791240130306,1.657537224721819,3.1876647911425025,1.5230415030535582,1.5123940916542464,7.6769,6.995663598880255,1.0,8.518705101933813
0.01,26,delta_bs,0.0,2.6534119834144594,2.232510410447977,-2.1665590811564854,-6.6768316271479815,-4.957946336697113,-1.9846229328637883,0.001066998519266097,1.0973202885927966,2.126560913136343,2.111873383251719,25.9243,7.040595153727455,1.0,9.167156066863798
0.01,26,no_trade_band,0.0,2.6534119834144594,2.232510410447977,-2.1665590811564854,-6.6768316271479815,-4.957946336697113,-1.9846229328637883,0.001066998519266097,1.0973202885927966,2.126560913136343,2.111873383251719,25.9243,7.040595153727455,1.0,9.167156066863798
0.01,26,no_trade_band,0.02,2.622186428736154,2.193162408595919,-2.1208865648774626,-6.656419433463329,-4.904652708345302,-1.9427978901704464,0.06068976920290454,1.1581331283155234,2.076571244382367,2.0640408793693448,18.44955,6.875861667048065,1.0,8.952432911430432
0.01,26,no_trade_band,0.05,2.5415449133665025,2.088724146929139,-1.9724484939898796,-6.61323524138168,-4.844676089352425,-1.8218382500219619,0.3740313201649611,1.4750703614131204,1.9173378817134035,1.90786057259445,12.85505,6.459450546659142,1.0,8.376788428372546
0.01,26,no_trade_band,0.1,2.4887458015189408,1.9905718496644786,-1.7021045208402743,-6.712068826613751,-4.812994193755955,-1.6082425413342691,1.1079629308032288,2.3879964234745708,1.630251946540945,1.623121440913453,7.5131,6.193855664578154,1.0,7.8241076111191
0.01,26,no_trade_band,0.2,3.0743627833989535,2.3780853500409083,-1.4438026749255828,-8.82739148303969,-6.105082694466083,-1.3192986972304581,2.7297491146477433,4.241489924477921,1.2506204762322313,1.2467422972333546,3.5684,9.45170652394856,1.0,10.702327000180793
0.01,26,optimized_no_trade_band,0.1,2.4887458015189408,1.9905718496644786,-1.7021045208402743,-6.712068826613751,-4.812994193755955,-1.6082425413342691,1.1079629308032288,2.3879964234745708,1.630251946540945,1.623121440913453,7.5131,6.193855664578154,1.0,7.8241076111191
0.01,52,delta_bs,0.0,3.125109093260507,2.829905805087601,-2.8286210544584525,-6.816015777320982,-5.309283539870581,-2.5999665739144824,-1.1086117889515335,-0.5962751223453074,2.7908813205467706,2.7730707078020096,51.6167,9.766306844779509,1.0,12.557188165326279
0.01,52,no_trade_band,0.0,3.125109093260507,2.829905805087601,-2.8286210544584525,-6.816015777320982,-5.309283539870581,-2.5999665739144824,-1.1086117889515335,-0.5962751223453074,2.7908813205467706,2.7730707078020096,51.6167,9.766306844779509,1.0,12.557188165326279
0.01,52,no_trade_band,0.02,3.024854278409034,2.7110183649756525,-2.7089554880735394,-6.757206694319802,-5.222043523739607,-2.4808451538154017,-0.9450416830954852,-0.4095963963185591,2.6655702375576222,2.6521977105671284,32.25745,9.149743405609438,1.0,11.81531364316706
0.01,52,no_trade_band,0.05,2.7525230656852777,2.3875224325795585,-2.3729016271717462,-6.473879977163487,-4.907461633113541,-2.185889388621696,-0.4268904060726564,0.24924358915163677,2.319237309358685,2.311075081388794,19.2565,7.576383227129479,1.0,9.895620536488163
0.01,52,no_trade_band,0.1,2.4913369178668496,2.0434047777329636,-1.9075799914452793,-6.188952457586293,-4.729511932955176,-1.7977813048443962,0.5253058281903407,1.4962580196395627,1.8393608176537644,1.8334194590987845,9.61135,6.206759638326293,1.0,8.046120455980057
0.01,52,no_trade_band,0.2,2.9642021416161253,2.293550865869314,-1.52888558865367,-8.49234482219369,-5.849473099800087,-1.4009280037310297,2.357233451304479,3.749605388299395,1.3404150325925155,1.3351500773888725,4.06595,8.786494336361624,1.0,10.12690936895414
0.01,52,optimized_no_trade_band,0.1,2.4913369178668496,2.0434047777329636,-1.9075799914452793,-6.188952457586293,-4.729511932955176,-1.7977813048443962,0.5253058281903407,1.4962580196395627,1.8393608176537644,1.8334194590987845,9.61135,6.206759638326293,1.0,8.046120455980057
0.01,126,delta_bs,0.0,4.357156703715964,4.088728550254369,-4.088728550254369,-8.028172421961138,-6.798860601683257,-3.9414118662621362,-1.9407138651517997,-1.531231866942135,4.0440140268117295,4.018923561458372,124.29495,18.98481454073697,1.0,23.0288285675487
0.01,126,no_trade_band,0.0,4.357156703715964,4.088728550254369,-4.088728550254369,-8.028172421961138,-6.798860601683257,-3.9414118662621362,-1.9407138651517997,-1.531231866942135,4.0440140268117295,4.018923561458372,124.29495,18.98481454073697,1.0,23.0288285675487
0.01,126,no_trade_band,0.02,4.008551405837803,3.707703313302073,-3.707703313302073,-7.720528197615059,-6.468960913674344,-3.546242274403338,-1.5584226531069034,-1.1335831542606187,3.659805785474019,3.6454826860172003,62.56135,16.068484373244228,1.0,19.72829015871825
0.01,126,no_trade_band,0.05,3.251058953757714,2.914227053072682,-2.912986587486777,-6.866662858853478,-5.580771730539843,-2.716439508654,-0.9229599556851121,-0.3575923108845841,2.859486243646571,2.852378552841386,29.34315,10.569384320808204,1.0,13.428870564454776
0.01,126,no_trade_band,0.1,2.6584319921283344,2.241087138785303,-2.177630252408922,-6.287233658134366,-4.8922266366628575,-2.0562496371281953,0.09610758997374727,0.9774894125624788,2.0868581513373505,2.0824729064787433,12.36225,7.067260656771425,1.0,9.154118808108775
0.01,126,no_trade_band,0.2,2.8697563235081676,2.2373537670741293,-1.611243001035741,-8.089381818068109,-5.532827819015441,-1.5016976695711168,2.0216442758046256,3.285223422478683,1.4421285171849207,1.4339304195468046,4.65625,8.235501356315115,1.0,9.677629873500036
0.01,126,optimized_no_trade_band,0.1,2.6584319921283344,2.241087138785303,-2.177630252408922,-6.287233658134366,-4.8922266366628575,-2.0562496371281953,0.09610758997374727,0.9774894125624788,2.0868581513373505,2.0824729064787433,12.36225,7.067260656771425,1.0,9.154118808108775
0.01,252,delta_bs,0.0,5.893467033672512,5.551874974899474,-5.551874974899474,-10.073076678317333,-8.909844422548714,-5.432274018977823,-2.5660636030381374,-2.011026385072177,5.490339951359872,5.456529227687245,247.7692,34.73295367698468,1.0,40.22329362834455
0.01,252,no_trade_band,0.0,5.893467033672512,5.551874974899474,-5.551874974899474,-10.073076678317333,-8.909844422548714,-5.432274018977823,-2.5660636030381374,-2.011026385072177,5.490339951359872,5.456529227687245,247.7692,34.73295367698468,1.0,40.22329362834455
0.01,252,no_trade_band,0.02,5.052668191096941,4.665101456522994,-4.665101456522994,-9.28190295566258,-8.057856008121231,-4.493347500792325,-1.8659152955987275,-1.3812549619438779,4.608365057857761,4.594253761321508,98.56275,25.52945584932283,1.0,30.13782090718059
0.01,252,no_trade_band,0.05,3.698118165208547,3.321791358219937,-3.32134245786204,-7.569991207232765,-6.324642270176581,-3.0798735605780774,-1.0995021556450995,-0.5094168131471154,3.263726893686888,3.2579631144011088,37.92765,13.67607796384543,1.0,16.939804857532316
0.01,252,no_trade_band,0.1,2.803018876029545,2.391798681447333,-2.3455631726223216,-6.432226455403977,-5.088638073296666,-2.206643941976866,-0.05854370761683392,0.7693543345846021,2.2506379632937445,2.247292262144998,14.38395,7.856914819377934,1.0,10.107552782671679
0.01,252,no_trade_band,0.2,2.7994903154896087,2.198411305428136,-1.6541388510603294,-7.600151895218392,-5.326236407144742,-1.562665733687422,1.820499591126622,3.058815822864086,1.5070926952250294,1.4963199312614033,5.0601,7.837146026520109,1.0,9.344238721745139
0.01,252,optimized_no_trade_band,0.2,2.7994903154896087,2.198411305428136,-1.6541388510603294,-7.600151895218392,-5.326236407144742,-1.562665733687422,1.820499591126622,3.058815822864086,1.5070926952250294,1.4963199312614033,5.0601,7.837146026520109,1.0,9.344238721745139
